pmid,title,year,journal,design,doi,topics,pubmed_url
42631884,Photobiomodulation therapy and postoperative recovery after abdominoplasty: a non-randomized pilot study.,2026,Lasers in medical science,Other research,10.1007/s10103-026-05007-y,Exercise Recovery|Photobiomodulation / Red Light,https://pubmed.ncbi.nlm.nih.gov/42631884/
42629521,Photobiomodulation to minimize talquetamab-associated dysgeusia and xerostomia in multiple myeloma: a brief report of four cases.,2026,Supportive care in cancer : official journal of the Multinational Association of Supportive Care in Cancer,Other research,10.1007/s00520-026-11133-8,Photobiomodulation / Red Light,https://pubmed.ncbi.nlm.nih.gov/42629521/
42627586,"Cardio-Oncology in Cold Climates: Epidemiological Features, Bidirectional Interaction Mechanisms, and Integrated Management Strategies.",2026,Cardiovascular toxicology,Other research,10.1007/s12012-026-10175-y,Cold-Water Immersion,https://pubmed.ncbi.nlm.nih.gov/42627586/
42622691,Photobiomodulation for autonomic rebalancing in myocardial infarction prevention.,2026,Lasers in medical science,Other research,10.1007/s10103-026-05003-2,Photobiomodulation / Red Light,https://pubmed.ncbi.nlm.nih.gov/42622691/
42616170,Photobiomodulation for salivary gland dysfunction: aligning clinical expectations with etiology-dependent treatment responsiveness.,2026,Lasers in medical science,Other research,10.1007/s10103-026-04991-5,Photobiomodulation / Red Light,https://pubmed.ncbi.nlm.nih.gov/42616170/
42615775,Early photobiomodulation in nipple pain and injury during breastfeeding: pilot double-blind randomized clinical trial.,2026,Revista gaucha de enfermagem,Randomized controlled trial,10.1590/1983-1447.2026.20250247.en,Photobiomodulation / Red Light,https://pubmed.ncbi.nlm.nih.gov/42615775/
42605969,Neuromodulation Techniques in Chronic Cerebral Hypoperfusion: Mechanisms and Therapeutic Advances.,2026,CNS neuroscience & therapeutics,Other research,10.1002/cns.71089,Exercise Recovery|Photobiomodulation / Red Light,https://pubmed.ncbi.nlm.nih.gov/42605969/
42586049,A TREK that activates thermogenic adipose tissue by sensing cold air in the lung.,2026,Developmental cell,Other research,10.1016/j.devcel.2026.07.016,Cold-Water Immersion,https://pubmed.ncbi.nlm.nih.gov/42586049/
42577684,Far-Infrared Therapy: Mechanisms of Action.,2026,Circulation reports,Other research,10.1253/circrep.CR-26-0147,Infrared Sauna,https://pubmed.ncbi.nlm.nih.gov/42577684/
42574619,Anatomy-resolved digital twin framework for personalized light dosimetry in lung therapies.,2026,Proceedings of the National Academy of Sciences of the United States of America,Other research,10.1073/pnas.2612370123,Photobiomodulation / Red Light,https://pubmed.ncbi.nlm.nih.gov/42574619/
42573623,Women exhibit different thermoregulatory responses to meal and cold stimuli compared to men independently of energy expenditure and body composition.,2026,European journal of nutrition,Observational research,10.1007/s00394-026-04073-w,Cold-Water Immersion,https://pubmed.ncbi.nlm.nih.gov/42573623/
42572834,The short-term efficacy of heat therapy for osteoarthritis of the hands: a systematic review and meta-analysis.,2026,Journal of rehabilitation medicine,Systematic review / meta-analysis,10.2340/jrm.v58.45883,Sauna & Heat Therapy,https://pubmed.ncbi.nlm.nih.gov/42572834/
42560107,Treatment parameters and safety of photobiomodulation in wound care.,2026,British journal of nursing (Mark Allen Publishing),Other research,10.12968/bjon.2026.0264,Photobiomodulation / Red Light,https://pubmed.ncbi.nlm.nih.gov/42560107/
42560106,Biological mechanisms and applications of photobiomodulation in wound care.,2026,British journal of nursing (Mark Allen Publishing),Other research,10.12968/bjon.2026.0265,Photobiomodulation / Red Light,https://pubmed.ncbi.nlm.nih.gov/42560106/
42560105,Case series on photobiomodulation in wound care: hard-to-heal leg ulcers and radiation-induced fibrosis.,2026,British journal of nursing (Mark Allen Publishing),Other research,10.12968/bjon.2026.0266,Photobiomodulation / Red Light,https://pubmed.ncbi.nlm.nih.gov/42560105/
42556610,Adipocyte caspase-1 deficiency promotes white fat beiging via COX7A2L-dependent mitochondrial respiration.,2026,Metabolism: clinical and experimental,Other research,10.1016/j.metabol.2026.156729,Cold-Water Immersion,https://pubmed.ncbi.nlm.nih.gov/42556610/
42552011,"Photobiomodulation therapy combined with a static magnetic field for chronic non-specific knee pain: protocol for a multicentre, randomised, triple-blind, placebo-controlled trial.",2026,BMJ open,Other research,10.1136/bmjopen-2026-118954,Photobiomodulation / Red Light,https://pubmed.ncbi.nlm.nih.gov/42552011/
42550722,9-1-1 Call Data Modeling to Assess the Influence of a Mass Gathering on Host Community Metrics for Syndromic Surveillance.,2026,The western journal of emergency medicine,Other research,10.5811/westjem.53142,Cold-Water Immersion,https://pubmed.ncbi.nlm.nih.gov/42550722/
42549270,Infrared Kinesiology Tape Increases Skin Temperature and Red Blood Cell Flux at Rest.,2026,International journal of sports physical therapy,Other research,10.26603/001c.165276,Infrared Sauna,https://pubmed.ncbi.nlm.nih.gov/42549270/
42541662,Circulating succinate changes during acute cold exposure are not related with brown adipose tissue in humans.,2026,Journal of physiology and biochemistry,Randomized controlled trial,10.1007/s13105-026-01212-z,Cold-Water Immersion,https://pubmed.ncbi.nlm.nih.gov/42541662/
42533687,Far-infrared sauna exposure at 65°C elevates core temperature.,2026,Experimental physiology,Other research,10.1113/EP094028,Infrared Sauna,https://pubmed.ncbi.nlm.nih.gov/42533687/
42533686,"Reactive Oxygen Species: Molecular Mechanisms, Cellular Targets, and Implications for Genomic Stability.",2026,BioMed research international,Other research,10.1155/bmri/6918118,Cold-Water Immersion,https://pubmed.ncbi.nlm.nih.gov/42533686/
42531218,Seven days of warm water immersion modulate baseline fluid-regulatory hormones without altering acute multisystem physiological stress responses in older males.,2026,"American journal of physiology. Regulatory, integrative and comparative physiology",Other research,10.1152/ajpregu.00099.2026,Sauna & Heat Therapy,https://pubmed.ncbi.nlm.nih.gov/42531218/
42525285,Comparative efficacy of two photobiomodulation protocols transcutaneous versus intraoral in the prevention of oral mucositis in head and neck cancer: a randomized study protocol.,2026,Lasers in medical science,Randomized controlled trial,10.1007/s10103-026-04977-3,Photobiomodulation / Red Light,https://pubmed.ncbi.nlm.nih.gov/42525285/
42522776,Plantar Foot Microvascular Reactivity and Oxygenation in Type 2 Diabetes and Peripheral Artery Disease: An Exploratory Study.,2026,"Microcirculation (New York, N.Y. : 1994)",Other research,10.1111/micc.70078,Sauna & Heat Therapy,https://pubmed.ncbi.nlm.nih.gov/42522776/
42519263,Periclitoral Abscess Associated With Pubic Hair Grooming and Exercise.,2026,Cureus,Other research,10.7759/cureus.111209,Infrared Sauna,https://pubmed.ncbi.nlm.nih.gov/42519263/
42512223,Laser Auriculotherapy for Anxiety Symptoms Across Diverse Populations: A Systematic Review and Meta-Analysis of Randomized Controlled Trials.,2026,International journal of environmental research and public health,Systematic review / meta-analysis,10.3390/ijerph23070919,Photobiomodulation / Red Light,https://pubmed.ncbi.nlm.nih.gov/42512223/
42512191,Effects of Immediate and Delayed Repeated Cold Exposure After Physical Exertion: A Randomized Controlled Trial.,2026,International journal of environmental research and public health,Randomized controlled trial,10.3390/ijerph23070887,Cold-Water Immersion,https://pubmed.ncbi.nlm.nih.gov/42512191/
42511758,"UCP1-Dependent Thermogenic Adipose Tissue in Human Disease: Adipose-Centered Mechanisms, Biomarker Limitations, and Translational Perspectives.",2026,International journal of molecular sciences,Other research,10.3390/ijms27146416,Cold-Water Immersion,https://pubmed.ncbi.nlm.nih.gov/42511758/
42507891,"Sauna bathing: motivations, perceived benefits, and gender differences- a descriptive health promotion study.",2026,International journal of circumpolar health,Other research,10.1080/22423982.2026.2710003,Exercise Recovery|Sauna & Heat Therapy|Sleep & Passive Heating,https://pubmed.ncbi.nlm.nih.gov/42507891/
42507053,"Effect of photobiomodulation on trapezius myofascial pain: a randomized, sham-controlled, double-blind clinical trial.",2026,Lasers in medical science,Randomized controlled trial,10.1007/s10103-026-04964-8,Photobiomodulation / Red Light,https://pubmed.ncbi.nlm.nih.gov/42507053/
42501111,Effects of Terminalia fagifolia mart. extract combined with photobiomodulation on diabetic foot ulcers: protocol for a randomized single-blind clinical trial.,2026,Lasers in medical science,Other research,10.1007/s10103-026-04963-9,Photobiomodulation / Red Light,https://pubmed.ncbi.nlm.nih.gov/42501111/
42501075,Pulsed Nd:YAG versus continuous-wave laser photobiomodulation for orthodontic pain: a split-mouth RCT.,2026,Lasers in medical science,Randomized controlled trial,10.1007/s10103-026-04958-6,Photobiomodulation / Red Light,https://pubmed.ncbi.nlm.nih.gov/42501075/
42497681,Mechanisms of action and clinical research progress of photobiomodulation.,2026,"Journal of photochemistry and photobiology. B, Biology",Other research,10.1016/j.jphotobiol.2026.113529,Photobiomodulation / Red Light,https://pubmed.ncbi.nlm.nih.gov/42497681/
42493723,"Effect of photobiomodulation on fatigue-related errors in ankle joint position reproduction: the moderating role of perceived ankle instability in a randomized, placebo-controlled trial.",2026,Lasers in medical science,Randomized controlled trial,10.1007/s10103-026-04966-6,Photobiomodulation / Red Light,https://pubmed.ncbi.nlm.nih.gov/42493723/
42487022,"Comparative efficacy and safety of photobiomodulation, transcranial direct current stimulation, and repetitive transcranial magnetic stimulation in Alzheimer's disease: a network meta-analysis of randomized controlled trials.",2026,Lasers in medical science,Observational research,10.1007/s10103-026-04962-w,Photobiomodulation / Red Light,https://pubmed.ncbi.nlm.nih.gov/42487022/
42486429,Extreme temperatures and out-of-hospital cardiac arrest: a systematic review and narrative synthesis.,2026,Resuscitation,Systematic review / meta-analysis,10.1016/j.resuscitation.2026.111221,Cold-Water Immersion,https://pubmed.ncbi.nlm.nih.gov/42486429/
42486252,Neuromodulation for psychological sequelae of traumatic brain injury.,2026,Experimental neurology,Other research,10.1016/j.expneurol.2026.115933,Photobiomodulation / Red Light,https://pubmed.ncbi.nlm.nih.gov/42486252/
42484713,Photobiomodulation at 660 nm enhances proliferative activity while preserving viability in human endothelial cells in vitro.,2026,Cell and tissue banking,Other research,10.1007/s10561-026-10237-z,Photobiomodulation / Red Light,https://pubmed.ncbi.nlm.nih.gov/42484713/
42481724,Far-infrared therapy and vascular access flow in hemodialysis patients with arteriovenous fistula or graft: a prospective minimal detectable change analysis.,2026,Scientific reports,Other research,10.1038/s41598-026-63061-6,Infrared Sauna,https://pubmed.ncbi.nlm.nih.gov/42481724/
42473844,Photobiomodulation as an Adjunct to Resistance Training in Older Adults: A Systematic Review and Meta-Analysis.,2026,"Photobiomodulation, photomedicine, and laser surgery",Systematic review / meta-analysis,10.1177/25785478261469320,Exercise Recovery|Photobiomodulation / Red Light,https://pubmed.ncbi.nlm.nih.gov/42473844/
42473834,Photobiomodulation with Structured Rehabilitation Improves Mechanical Function and Functional Aging in Degenerative Musculoskeletal Disease: A Controlled Cohort Study.,2026,"Photobiomodulation, photomedicine, and laser surgery",Other research,10.1177/25785478261471039,Exercise Recovery|Photobiomodulation / Red Light,https://pubmed.ncbi.nlm.nih.gov/42473834/
42473449,Temporal dynamics of muscle strength recovery following acute cold-water immersion: a systematic review and meta-analysis.,2026,PeerJ,Systematic review / meta-analysis,10.7717/peerj.21537,Cold-Water Immersion|Exercise Recovery,https://pubmed.ncbi.nlm.nih.gov/42473449/
42472732,Photobiomodulation for primary wound healing and patient-reported outcomes after esthetic crown lengthening surgery: A pilot randomized clinical trial.,2026,Lasers in medical science,Randomized controlled trial,10.1007/s10103-026-04950-0,Photobiomodulation / Red Light,https://pubmed.ncbi.nlm.nih.gov/42472732/
42463621,Photobiomodulation therapy in oral mucositis prevention and treatment: insights from a bibliometric review.,2026,Supportive care in cancer : official journal of the Multinational Association of Supportive Care in Cancer,Other research,10.1007/s00520-026-10976-5,Photobiomodulation / Red Light,https://pubmed.ncbi.nlm.nih.gov/42463621/
42458386,Effect of photobiomodulation therapy on wound healing and post-extraction pain management of primary molars: a randomized controlled clinical trial.,2026,BMC oral health,Randomized controlled trial,10.1186/s12903-026-09172-y,Exercise Recovery|Photobiomodulation / Red Light,https://pubmed.ncbi.nlm.nih.gov/42458386/
42456425,Cold exposure and glaucoma with intraocular pressure dysregulation in population and experimental studies.,2026,Ecotoxicology and environmental safety,Other research,10.1016/j.ecoenv.2026.120509,Cold-Water Immersion,https://pubmed.ncbi.nlm.nih.gov/42456425/
42454831,Immediate effects of photobiomodulation with low-level laser followed by the voiced tongue trill technique in women with behavioral dysphonia.,2026,CoDAS,Randomized controlled trial,10.1590/2317-1782/e20250171en,Photobiomodulation / Red Light,https://pubmed.ncbi.nlm.nih.gov/42454831/
42452432,Effects of Repeated Contrast Therapy on Forearm Microcirculatory and Neuromechanical Recovery After Climbing-Specific Fatigue in Amateur Climbers: A Randomized Controlled Trial.,2026,Journal of clinical medicine,Other research,10.3390/jcm15134970,Contrast Therapy,https://pubmed.ncbi.nlm.nih.gov/42452432/
42450035,"Oxidative Stress Biomarkers in Oral Mucosal Wound Healing and Photobiomodulation: Biochemical Pathways, Experimental Models, and Translational Perspectives.",2026,International journal of molecular sciences,Other research,10.3390/ijms27135763,Photobiomodulation / Red Light,https://pubmed.ncbi.nlm.nih.gov/42450035/
42449957,"Molecular Mechanisms of Photobiomodulation in Retinal Diseases: Cytochrome c Oxidase, Mitochondrial Bioenergetics and Cytoprotective Signalling.",2026,International journal of molecular sciences,Other research,10.3390/ijms27135683,Photobiomodulation / Red Light,https://pubmed.ncbi.nlm.nih.gov/42449957/
42446481,Differences in Posterior Ocular Morphology Following Red Light Therapy Versus 0.01% Atropine for Myopia Control: A Randomized Controlled Trial Analysis.,2026,Investigative ophthalmology & visual science,Randomized controlled trial,10.1167/iovs.67.8.35,Photobiomodulation / Red Light,https://pubmed.ncbi.nlm.nih.gov/42446481/
42443854,"Comparing the effect of photobiostimulation, pressure and topical anesthetic gel on reducing pain during maxillary infiltration injection: a clinical trial study.",2026,BMC oral health,Randomized controlled trial,10.1186/s12903-026-09153-1,Photobiomodulation / Red Light,https://pubmed.ncbi.nlm.nih.gov/42443854/
42441975,Cold stimulation applied concurrently with high-frequency electrical stimulation does not attenuate the development of secondary pinprick hypersensitivity in humans.,2026,Journal of neurophysiology,Other research,10.1152/jn.00075.2026,Cold-Water Immersion,https://pubmed.ncbi.nlm.nih.gov/42441975/
42438445,Non-Invasive Management of Osteoradionecrosis With Intra- and Extraoral Fistulas Using Combined Photodynamic and Photobiomodulation Therapy: A Case Report.,2026,"Special care in dentistry : official publication of the American Association of Hospital Dentists, the Academy of Dentistry for the Handicapped, and the American Society for Geriatric Dentistry",Other research,10.1111/scd.70214,Exercise Recovery|Photobiomodulation / Red Light,https://pubmed.ncbi.nlm.nih.gov/42438445/
42431462,Non-advanced age-related macular degeneration: Current concepts and future perspectives.,2026,"Asia-Pacific journal of ophthalmology (Philadelphia, Pa.)",Other research,10.1016/j.apjo.2026.100346,Photobiomodulation / Red Light,https://pubmed.ncbi.nlm.nih.gov/42431462/
42430054,Photobiomodulation with or without ILIB in diabetic peripheral neuropathy: a randomized pilot trial.,2026,Lasers in medical science,Randomized controlled trial,10.1007/s10103-026-04948-8,Photobiomodulation / Red Light,https://pubmed.ncbi.nlm.nih.gov/42430054/
42430011,Comparative effects of low-level laser acupuncture and dry needling on clinical and functional outcomes in patients with chronic cervical myofascial pain syndrome: a randomized controlled trial.,2026,Lasers in medical science,Randomized controlled trial,10.1007/s10103-026-04915-3,Photobiomodulation / Red Light,https://pubmed.ncbi.nlm.nih.gov/42430011/
42429841,Re: Effects of resistance training with/without photobiomodulation on muscle and respiratory function in difficult-to-control asthma: a randomized trial.,2026,Lasers in medical science,Other research,10.1007/s10103-026-04954-w,Photobiomodulation / Red Light,https://pubmed.ncbi.nlm.nih.gov/42429841/
42426575,Utilization Rates and Factors Associated with Adoption of Complementary and Alternative Medicine Practices in the US.,2026,Journal of evidence-based integrative medicine,Other research,10.1177/2515690X261463583,Massage Therapy,https://pubmed.ncbi.nlm.nih.gov/42426575/
42422426,"Adipose tissue distribution in metabolic disease: depot-specific biology, clinical assessment, and therapeutic remodeling.",2026,Frontiers in endocrinology,Other research,10.3389/fendo.2026.1822659,Cold-Water Immersion,https://pubmed.ncbi.nlm.nih.gov/42422426/
42421373,Beyond the Irregular Beat: An Unexpected Case of Raynaud's Phenomenon in a Patient with Atrial Fibrillation.,2026,Acta medica Indonesiana,Other research,,Cold-Water Immersion,https://pubmed.ncbi.nlm.nih.gov/42421373/
42413142,"Association between air temperature and COVID-19 emergency department visits in Ontario, Canada: A population-based case-crossover study.",2026,International journal of hygiene and environmental health,Other research,10.1016/j.ijheh.2026.114856,Cold-Water Immersion,https://pubmed.ncbi.nlm.nih.gov/42413142/
42400908,A cold-induced GDF15-secreting adipocyte subpopulation regulates energy homeostasis through endocrine signaling.,2026,Cell reports,Other research,10.1016/j.celrep.2026.117603,Cold-Water Immersion,https://pubmed.ncbi.nlm.nih.gov/42400908/
42400888,Ambient Light-Activatable Luminescent Particle-Embedded Conformal Patch for Photochemical Tissue Bonding and Photobiomodulated Healing.,2026,"Advanced materials (Deerfield Beach, Fla.)",Other research,10.1002/adma.73965,Exercise Recovery|Photobiomodulation / Red Light,https://pubmed.ncbi.nlm.nih.gov/42400888/
42400667,Efficacy of different non-pharmacological therapies on cancer-related fatigue in breast cancer patients: a network meta-analysis.,2026,Supportive care in cancer : official journal of the Multinational Association of Supportive Care in Cancer,Systematic review / meta-analysis,10.1007/s00520-026-10940-3,Massage Therapy,https://pubmed.ncbi.nlm.nih.gov/42400667/
42399564,Photobiomodulation to prevent oral mucositis and physical function impairments after hematopoietic cell transplantation: POMFITT randomized trial.,2026,Supportive care in cancer : official journal of the Multinational Association of Supportive Care in Cancer,Randomized controlled trial,10.1007/s00520-026-10970-x,Photobiomodulation / Red Light,https://pubmed.ncbi.nlm.nih.gov/42399564/
42396808,Nighttime Cold Stress and Cardiovascular Emergency Hospitalizations: A Time-Series Analysis by Sex and Age in a Subtropical City.,2026,Journal of the American Heart Association,Other research,10.1161/JAHA.125.045799,Cold-Water Immersion,https://pubmed.ncbi.nlm.nih.gov/42396808/
42392993,Photobiomodulation Therapy for Symptom Management in Essential Palatal Myoclonus: Two Case Studies with Long-Term Follow-Up Two Cases: 7-Year/2-Month Follow-Up.,2026,"Photobiomodulation, photomedicine, and laser surgery",Other research,10.1177/25785478261465521,Photobiomodulation / Red Light,https://pubmed.ncbi.nlm.nih.gov/42392993/
42392660,Photobiomodulation and Biological Pathways in Skin Regeneration and Rejuvenation: Light and Biological Activation of Skin Improvement.,2026,Facial plastic surgery clinics of North America,Other research,10.1016/j.fsc.2026.05.002,Photobiomodulation / Red Light,https://pubmed.ncbi.nlm.nih.gov/42392660/
42390948,A Patient's Perspective on Arteriovenous Fistula Care and Far-Infrared Radiation Arteriovenous Fistula Therapy.,2026,Clinical journal of the American Society of Nephrology : CJASN,Other research,10.2215/CJN.0000001153,Infrared Sauna,https://pubmed.ncbi.nlm.nih.gov/42390948/
42390659,Effects of low-level laser therapy on the aging process of human dermal fibroblast cells.,2026,Lasers in medical science,Other research,10.1007/s10103-026-04912-6,Exercise Recovery|Photobiomodulation / Red Light,https://pubmed.ncbi.nlm.nih.gov/42390659/
42385499,Early life ambient temperature and brain volumes change throughout childhood.,2026,Environment international,Other research,10.1016/j.envint.2026.110385,Cold-Water Immersion,https://pubmed.ncbi.nlm.nih.gov/42385499/
42384235,In vitro effect of simultaneous irradiation of 635 and 980 nm lasers on proliferation of periodontal ligament mesenchymal cells and their differentiation to osteoblasts.,2026,Lasers in medical science,Other research,10.1007/s10103-026-04938-w,Photobiomodulation / Red Light,https://pubmed.ncbi.nlm.nih.gov/42384235/
42378379,Integration of Three-Dimensional Cell Culture Techniques and Photobiomodulation for Supportive Differentiation of Adipose-Derived Stem Cells into Smooth Muscle.,2026,Cell biochemistry and function,Other research,10.1002/cbf.70250,Photobiomodulation / Red Light,https://pubmed.ncbi.nlm.nih.gov/42378379/
42377668,Near‑Infrared Photobiomodulation in White‑Matter Disease: From Microglial States to Measurable Endpoints.,2026,Neuromolecular medicine,Other research,10.1007/s12017-026-08924-x,Photobiomodulation / Red Light,https://pubmed.ncbi.nlm.nih.gov/42377668/
42377423,[Heart and climate].,2026,Herz,Other research,10.1007/s00059-026-05384-8,Cold-Water Immersion,https://pubmed.ncbi.nlm.nih.gov/42377423/
42376894,Adipose-Derived Stem Cells Differentiate Into Insulin-Producing Cells in 2D Culture With Photobiomodulation: A Comparative Analysis of Wavelength and Fluence Parameters.,2026,Cell biology international,Observational research,10.1002/cbin.70182,Photobiomodulation / Red Light,https://pubmed.ncbi.nlm.nih.gov/42376894/
42373001,Photobiomodulation therapy for peripheral neuropathy in diabetic and cancer patients: A narrative review.,2026,Photodiagnosis and photodynamic therapy,Other research,10.1016/j.pdpdt.2026.105561,Photobiomodulation / Red Light,https://pubmed.ncbi.nlm.nih.gov/42373001/
42371186,Antimicrobial photodynamic therapy for the treatment of angular cheilitis in critically Ill patients: a prospective study.,2026,Lasers in medical science,Other research,10.1007/s10103-026-04931-3,Photobiomodulation / Red Light,https://pubmed.ncbi.nlm.nih.gov/42371186/
42365270,Comparative effectiveness of nonpharmacological therapies for adult myogenic temporomandibular disorders: a network meta-analysis of randomized trials.,2026,BMC oral health,Systematic review / meta-analysis,10.1186/s12903-026-09044-5,Photobiomodulation / Red Light,https://pubmed.ncbi.nlm.nih.gov/42365270/
42363788,Branched-chain and glucogenic amino acids predict brown fat recruitment and metabolic clearance in adults with overweight or obesity.,2026,American journal of physiology. Endocrinology and metabolism,Other research,10.1152/ajpendo.00078.2026,Cold-Water Immersion,https://pubmed.ncbi.nlm.nih.gov/42363788/
42363780,Manual Massage Therapy for Neuropathic Pain: Clinical Evidence and Mechanistic Insights.,2026,Pain research & management,Other research,10.1155/prm/4403173,Massage Therapy,https://pubmed.ncbi.nlm.nih.gov/42363780/
42360517,"Randomized, double-blind, sham-controlled trial of an intraoral photobiomodulation device for oral mucositis and associated complications due to radiotherapy for head and neck cancer.",2026,Supportive care in cancer : official journal of the Multinational Association of Supportive Care in Cancer,Randomized controlled trial,10.1007/s00520-026-10904-7,Photobiomodulation / Red Light,https://pubmed.ncbi.nlm.nih.gov/42360517/
42360361,Role of individualized intervention(s) on quality of life and adherence to adjuvant endocrine therapy in premenopausal women with early-stage breast cancer: MyCHOICE study.,2026,Breast cancer research and treatment,Controlled / clinical trial,10.1007/s10549-026-07999-1,Massage Therapy,https://pubmed.ncbi.nlm.nih.gov/42360361/
42359592,Photobiomodulation of Human Embryonic Stem Cell-Derived Mesenchymal Stem Cells by 355 nm Low-Level Ultraviolet Laser Exposure.,2026,"Photobiomodulation, photomedicine, and laser surgery",Other research,10.1177/25785478261460627,Photobiomodulation / Red Light,https://pubmed.ncbi.nlm.nih.gov/42359592/
42356131,The Use of Physical Energy-Based Therapies in the Management of Osteoarthritis.,2026,"Medicina (Kaunas, Lithuania)",Other research,10.3390/medicina62061119,Photobiomodulation / Red Light,https://pubmed.ncbi.nlm.nih.gov/42356131/
42354228,"Effectiveness of Low-Level Laser Auriculotherapy in the Treatment of Myogenic Temporomandibular Disorders and Anxiety: A Randomized, Placebo-Controlled Trial.",2026,International journal of environmental research and public health,Randomized controlled trial,10.3390/ijerph23060697,Photobiomodulation / Red Light,https://pubmed.ncbi.nlm.nih.gov/42354228/
42353319,A Healthy Lifestyle Can Slow Immune System Aging and Reduce Age-Related Chronic Inflammation: A Narrative Review.,2026,International journal of molecular sciences,Other research,10.3390/ijms27125605,Cold-Water Immersion,https://pubmed.ncbi.nlm.nih.gov/42353319/
42353232,Laser-Based Photobiomodulation for Orthodontic Pain: Mechanistic Evidence from Experimental Tooth-Movement Models.,2026,International journal of molecular sciences,Other research,10.3390/ijms27125519,Photobiomodulation / Red Light,https://pubmed.ncbi.nlm.nih.gov/42353232/
42352324,"Optotransduction Pathway, Exploring Connections with Inflammation.",2026,Biomolecules,Other research,10.3390/biom16060859,Photobiomodulation / Red Light,https://pubmed.ncbi.nlm.nih.gov/42352324/
42352321,The Immune-Chemokine Axis in Alzheimer's Disease: Roles of Adaptive Immune System in Neuroinflammation and Disease Progression.,2026,Biomolecules,Other research,10.3390/biom16060855,Photobiomodulation / Red Light,https://pubmed.ncbi.nlm.nih.gov/42352321/
42350747,Antimicrobial effect of 1064 nm Nd:YAG laser with flat-top homogeneous beam profile on oral fungal and bacterial biofilms: an in vitro study.,2026,Lasers in medical science,Other research,10.1007/s10103-026-04921-5,Photobiomodulation / Red Light,https://pubmed.ncbi.nlm.nih.gov/42350747/
42350598,Evaluating the educational quality and reliability of YouTube videos on red light therapy for eye diseases.,2026,Lasers in medical science,Other research,10.1007/s10103-026-04920-6,Photobiomodulation / Red Light,https://pubmed.ncbi.nlm.nih.gov/42350598/
42349628,"Preoperative photobiomodulation reduces pain in molar surgery: A, double-blind clinical trial.",2026,Journal of dentistry,Randomized controlled trial,10.1016/j.jdent.2026.106855,Exercise Recovery|Photobiomodulation / Red Light,https://pubmed.ncbi.nlm.nih.gov/42349628/
42349599,"Repeated low-level red-light therapy for childhood myopia: Efficacy, mechanisms, rebound effects, safety boundaries, and clinical standardization.",2026,Photodiagnosis and photodynamic therapy,Other research,10.1016/j.pdpdt.2026.105554,Photobiomodulation / Red Light,https://pubmed.ncbi.nlm.nih.gov/42349599/
42346818,"Exploring the Role of Vitamin D in Familial Mediterranean Fever: Pathogenesis, Triggers, and Immune Modulation.",2026,"Medical sciences (Basel, Switzerland)",Other research,10.3390/medsci14020279,Cold-Water Immersion,https://pubmed.ncbi.nlm.nih.gov/42346818/
42345113,"Integrating myofunctional therapy, TMJ massage and procedural hypnosis in the conservative management of TMD.",2026,Primary dental journal,Other research,10.1177/20501684261438881,Massage Therapy,https://pubmed.ncbi.nlm.nih.gov/42345113/
42340478,Adjuvant visible incoherent polarised phototherapy in chronic skin defects: a single-arm prospective observational cohort study.,2026,Lasers in medical science,Observational research,10.1007/s10103-026-04933-1,Photobiomodulation / Red Light,https://pubmed.ncbi.nlm.nih.gov/42340478/
42338379,"Comparative Efficacy of Laser Acupuncture and Direct Photobiomodulation for Inferior Alveolar Nerve Hypoesthesia After Mandibular Third Molar Extraction: A Randomized, Double-Blind, Sham-Controlled Clinical Trial.",2026,"Photobiomodulation, photomedicine, and laser surgery",Randomized controlled trial,10.1177/25785478261462397,Exercise Recovery|Photobiomodulation / Red Light,https://pubmed.ncbi.nlm.nih.gov/42338379/
42336252,Effect of head and facial massage combined with aromatherapy on sleep quality and delirium in patients with acute myocardial infarction: A randomized controlled trial.,2026,Complementary therapies in medicine,Randomized controlled trial,10.1016/j.ctim.2026.103398,Massage Therapy,https://pubmed.ncbi.nlm.nih.gov/42336252/
42334638,Effect of photobiomodulation on pain and quality of life in fibromyalgia syndrome: a systematic review.,2026,Lasers in medical science,Systematic review / meta-analysis,10.1007/s10103-026-04930-4,Photobiomodulation / Red Light,https://pubmed.ncbi.nlm.nih.gov/42334638/
42329990,Evaluation of photobiomodulation therapy for genitourinary syndrome of menopause: A single-center prospective study.,2026,PloS one,Controlled / clinical trial,10.1371/journal.pone.0351765,Exercise Recovery|Photobiomodulation / Red Light,https://pubmed.ncbi.nlm.nih.gov/42329990/
42322443,Efficacy of 8% arginine associated with low-level laser therapy in the treatment of dentin hypersensitivity: randomized double-blind clinical trial.,2026,Lasers in medical science,Randomized controlled trial,10.1007/s10103-026-04927-z,Photobiomodulation / Red Light,https://pubmed.ncbi.nlm.nih.gov/42322443/
42322437,Photobiomodulation and sleep quality: systematic review and meta-analysis.,2026,Lasers in medical science,Systematic review / meta-analysis,10.1007/s10103-026-04913-5,Photobiomodulation / Red Light,https://pubmed.ncbi.nlm.nih.gov/42322437/
42320871,The neuro-immune-epithelial axis in dry eye: From pathogenic crosstalk to neuromodulatory therapies.,2026,Experimental eye research,Other research,10.1016/j.exer.2026.111133,Photobiomodulation / Red Light,https://pubmed.ncbi.nlm.nih.gov/42320871/
42320392,Climate change and neurological disorders in childhood: A scoping review.,2026,European journal of paediatric neurology : EJPN : official journal of the European Paediatric Neurology Society,Other research,10.1016/j.ejpn.2026.06.001,Cold-Water Immersion,https://pubmed.ncbi.nlm.nih.gov/42320392/
42320253,Curcumin alleviates cold stress-induced myocardial injury by regulating macrophage polarization through the STUB1/STAT1-STAT6-KLF4 signaling axis.,2026,International immunopharmacology,Other research,10.1016/j.intimp.2026.117045,Cold-Water Immersion,https://pubmed.ncbi.nlm.nih.gov/42320253/
42319630,Quantitative ultrasound evaluation of the thoracolumbar fascia after manual and acupuncture therapies: an exploratory mechanistic randomized controlled trial with a sequential within-subject phase.,2026,European radiology experimental,Randomized controlled trial,10.1186/s41747-026-00754-7,Massage Therapy,https://pubmed.ncbi.nlm.nih.gov/42319630/
42319507,"Photobiomodulation for oral mucositis in cancer care: prevention, clinical management, and evidence from randomized controlled trials.",2026,Supportive care in cancer : official journal of the Multinational Association of Supportive Care in Cancer,Systematic review / meta-analysis,10.1007/s00520-026-10834-4,Photobiomodulation / Red Light,https://pubmed.ncbi.nlm.nih.gov/42319507/
42316441,Interhemispheric Metabolic Effects of Transcranial Infrared Laser Stimulation of the Prefrontal Cortex.,2026,Human brain mapping,Randomized controlled trial,10.1002/hbm.70578,Photobiomodulation / Red Light,https://pubmed.ncbi.nlm.nih.gov/42316441/
42315692,Clinical dosimetry and efficacy of LED photobiomodulation for chronic lower-limb wound healing: a systematic review of randomized trials.,2026,Lasers in medical science,Systematic review / meta-analysis,10.1007/s10103-026-04928-y,Photobiomodulation / Red Light,https://pubmed.ncbi.nlm.nih.gov/42315692/
42315072,Long-term effects of repeated low-level red light therapy with or without defocus incorporated multiple segment lenses on axial length and fundus structural changes in children with myopia.,2026,Photodiagnosis and photodynamic therapy,Other research,10.1016/j.pdpdt.2026.105549,Photobiomodulation / Red Light,https://pubmed.ncbi.nlm.nih.gov/42315072/
42308873,Effectiveness of physical therapy techniques and methods in the management of endometriosis symptoms: A systematic review with meta-analysis.,2026,Brazilian journal of physical therapy,Systematic review / meta-analysis,10.1016/j.bjpt.2026.101620,Massage Therapy,https://pubmed.ncbi.nlm.nih.gov/42308873/
42303366,Autophagy in adipose tissue thermogenic function.,2026,International review of cell and molecular biology,Other research,10.1016/bs.ircmb.2025.10.006,Cold-Water Immersion,https://pubmed.ncbi.nlm.nih.gov/42303366/
42303356,Lasers for Melasma.,2026,Dermatologic clinics,Other research,10.1016/j.det.2026.02.004,Photobiomodulation / Red Light,https://pubmed.ncbi.nlm.nih.gov/42303356/
42300020,Transcranial Photobiomodulation Promotes Neurological Resilience in Current Collegiate American Football Players Exposed to Repetitive Head Acceleration Events.,2026,Journal of neurotrauma,Randomized controlled trial,10.1177/08977151251403554,Exercise Recovery|Photobiomodulation / Red Light,https://pubmed.ncbi.nlm.nih.gov/42300020/
42297204,Advances in the application of photobiomodulation technology in spinal cord injury rehabilitation.,2026,Experimental neurology,Other research,10.1016/j.expneurol.2026.115869,Exercise Recovery|Photobiomodulation / Red Light,https://pubmed.ncbi.nlm.nih.gov/42297204/
42296065,"Effects of local heat on metabolic health, frailty risk, and exercise adaptations in pre-diabetic older adults: Protocol for the Heat and Exercise in Aging as Therapy (HEAT) clinical trial.",2026,PloS one,Other research,10.1371/journal.pone.0351577,Sauna & Heat Therapy,https://pubmed.ncbi.nlm.nih.gov/42296065/
42294628,Enhancing Blood Circulation With Epsilon-Near-Zero (ENZ) Materials via the Far-Infrared Window of Human Skin.,2026,"Advanced science (Weinheim, Baden-Wurttemberg, Germany)",Other research,10.1002/advs.75938,Infrared Sauna,https://pubmed.ncbi.nlm.nih.gov/42294628/
42293639,Comparative efficacy of portable active cooling vs. passive cooling for reducing core temperature in exertional heat stroke: a systematic review and meta-analysis.,2026,Frontiers in public health,Systematic review / meta-analysis,10.3389/fpubh.2026.1811173,Cold-Water Immersion,https://pubmed.ncbi.nlm.nih.gov/42293639/
42293579,Low ambient temperature and sudden temperature drop increases the incidence of acute aortic dissection: a retrospective analysis from the northeast region of China.,2026,Frontiers in public health,Other research,10.3389/fpubh.2026.1848286,Cold-Water Immersion,https://pubmed.ncbi.nlm.nih.gov/42293579/
42288374,Integrative Medicine for Breast Cancer Survivors.,2026,Seminars in radiation oncology,Other research,10.1016/j.semradonc.2026.151030,Massage Therapy,https://pubmed.ncbi.nlm.nih.gov/42288374/
42287780,Raynaud's phenomenon: a vascular or an autoimmune-mediated disorder? Facts and fancy.,2026,Current opinion in immunology,Other research,10.1016/j.coi.2026.102803,Cold-Water Immersion,https://pubmed.ncbi.nlm.nih.gov/42287780/
42287044,[Association between periconception maternal cold and heat exposure and the risk of congenital heart disease in offspring in China].,2026,Beijing da xue xue bao. Yi xue ban = Journal of Peking University. Health sciences,Other research,10.19723/j.issn.1671-167X.2026.03.009,Cold-Water Immersion,https://pubmed.ncbi.nlm.nih.gov/42287044/
42286424,Concurrent Photobiomodulation by Dual-Wavelength (655 nm and 808 nm) Laser Exposure Promotes Accelerated Wound Healing.,2026,"Photobiomodulation, photomedicine, and laser surgery",Other research,10.1177/25785478261460632,Photobiomodulation / Red Light,https://pubmed.ncbi.nlm.nih.gov/42286424/
42285633,Cold exposure and urban opioid risk: A spatial regression discontinuity analysis in Chicago.,2026,Spatial and spatio-temporal epidemiology,Other research,10.1016/j.sste.2026.100812,Cold-Water Immersion,https://pubmed.ncbi.nlm.nih.gov/42285633/
42283739,Impact of oral mucositis treated by photobiomodulation protocol on the quality of life of pediatric oncology patients with acute lymphoblastic leukemia.,2026,Lasers in medical science,Other research,10.1007/s10103-026-04903-7,Photobiomodulation / Red Light,https://pubmed.ncbi.nlm.nih.gov/42283739/
42281382,Three hours of targeted limb passive heating increases conduit artery shear rates and lowers vascular stiffness.,2026,Physiological reports,Other research,10.14814/phy2.70924,Sauna & Heat Therapy,https://pubmed.ncbi.nlm.nih.gov/42281382/
42277828,"Meningeal lymphatic dysfunction in Alzheimer's disease: molecular mechanisms, clinical implications, and future perspectives.",2026,Molecular neurodegeneration,Other research,10.1186/s13024-026-00962-0,Photobiomodulation / Red Light,https://pubmed.ncbi.nlm.nih.gov/42277828/
42272806,Case Report: Moxibustion-induced burns leading to disseminated methicillin-resistant Staphylococcus aureus infection in a patient with type 2 diabetes mellitus.,2026,Frontiers in endocrinology,Other research,10.3389/fendo.2026.1860646,Sauna & Heat Therapy,https://pubmed.ncbi.nlm.nih.gov/42272806/
42272217,"Identifying the interaction between skin temperature, maintained thermal comfort, and conduit artery shear rate through limb passive heating.",2026,Physiological reports,Other research,10.14814/phy2.70923,Sauna & Heat Therapy,https://pubmed.ncbi.nlm.nih.gov/42272217/
42271571,Hepatic LGALS4 Alleviates Diet-Induced Steatosis by Promoting AMPK-Dependent Fatty Acid Oxidation.,2026,"Diabetes, obesity & metabolism",Other research,10.1111/dom.70989,Cold-Water Immersion,https://pubmed.ncbi.nlm.nih.gov/42271571/
42271035,Combined effects of photobiomodulation and osteopathic manipulation on the physical performance of young adults subjected to exercise-induced muscle damage: a randomized placebo-controlled trial.,2026,Lasers in medical science,Randomized controlled trial,10.1007/s10103-026-04907-3,Exercise Recovery|Photobiomodulation / Red Light,https://pubmed.ncbi.nlm.nih.gov/42271035/
42269385,High-power laser photobiomodulation therapy for immediate relief of mucositis-related odynophagia.,2026,Oral oncology,Other research,10.1016/j.oraloncology.2026.108049,Photobiomodulation / Red Light,https://pubmed.ncbi.nlm.nih.gov/42269385/
42267867,Retrospective analysis of guideline-based massage therapy in primary care for musculoskeletal disorders.,2026,Advances in clinical and experimental medicine : official organ Wroclaw Medical University,Other research,10.17219/acem/210068,Massage Therapy,https://pubmed.ncbi.nlm.nih.gov/42267867/
42264820,Acute effects of fascial applications on performance and flexibility in adolescent volleyball athletes.,2026,Journal of bodywork and movement therapies,Randomized controlled trial,10.1016/j.jbmt.2026.04.015,Massage Therapy,https://pubmed.ncbi.nlm.nih.gov/42264820/
42263755,Feasibility and Efficacy of Reiki Versus Massage for Cancer-Related Fatigue in Patients With Breast and Prostate Cancer Receiving Hormone Therapy.,2026,Journal of the National Comprehensive Cancer Network : JNCCN,Randomized controlled trial,10.6004/jnccn.2026.7010,Massage Therapy,https://pubmed.ncbi.nlm.nih.gov/42263755/
42262662,Monte Carlo simulations of optical propagation in human skin using experimentally measured laser parameters.,2026,Lasers in medical science,Other research,10.1007/s10103-026-04911-7,Photobiomodulation / Red Light,https://pubmed.ncbi.nlm.nih.gov/42262662/
42259752,Efficacy of Diode Laser Therapy in Managing Recurrent Aphthous Stomatitis and Oral Lichen Planus: A Systematic Review.,2026,"Photobiomodulation, photomedicine, and laser surgery",Systematic review / meta-analysis,10.1177/25785478261446504,Photobiomodulation / Red Light,https://pubmed.ncbi.nlm.nih.gov/42259752/
42259468,Preemptive photobiomodulation therapy for reducing pain during local anesthetic needle puncture in dental and craniomaxillofacial procedures: a systematic review and meta-analysis of randomized clinical trials.,2026,Journal of dentistry,Systematic review / meta-analysis,10.1016/j.jdent.2026.106823,Photobiomodulation / Red Light,https://pubmed.ncbi.nlm.nih.gov/42259468/
42258432,Therapeutic Massage for Psychological Well-being in Geriatric Oncology.,2026,Journal of visualized experiments : JoVE,Other research,10.3791/70026,Massage Therapy,https://pubmed.ncbi.nlm.nih.gov/42258432/
42257819,An explainable predictive machine learning model of oxaliplatin induced peripheral neuropathy based on clinical data: a retrospective single center.,2026,Supportive care in cancer : official journal of the Multinational Association of Supportive Care in Cancer,Other research,10.1007/s00520-026-10877-7,Cold-Water Immersion,https://pubmed.ncbi.nlm.nih.gov/42257819/
42250385,"Integrated electrophysiological, cellular, and pharmacological profiling reveals variant-specific mechanisms in SCN4A-related myotonia.",2026,Biomedicine & pharmacotherapy = Biomedecine & pharmacotherapie,Other research,10.1016/j.biopha.2026.119625,Cold-Water Immersion,https://pubmed.ncbi.nlm.nih.gov/42250385/
42250031,Low-Level Light Therapy in Postherpetic Neuralgia: A Review of Mechanistic Insights and Clinical Implications.,2026,Cellular and molecular neurobiology,Other research,10.1007/s10571-026-01763-1,Photobiomodulation / Red Light,https://pubmed.ncbi.nlm.nih.gov/42250031/
42247334,Photobiomodulation and electro-stimulation for enhanced healing of hard-to-heal wounds: a literature review.,2026,Journal of wound care,Other research,10.12968/jowc.2024.0378,Photobiomodulation / Red Light,https://pubmed.ncbi.nlm.nih.gov/42247334/
42235738,"High temperature, PM2.5, greenspace and hypertensive disorders of pregnancy: Exploring interactive effects during pregnancy.",2026,Environmental research,Other research,10.1016/j.envres.2026.124919,Cold-Water Immersion,https://pubmed.ncbi.nlm.nih.gov/42235738/
42234177,Photobiomodulation therapy for oral mucositis: clinical experience from a supportive care program at the Indian Institute of Head and Neck Oncology.,2026,Supportive care in cancer : official journal of the Multinational Association of Supportive Care in Cancer,Observational research,10.1007/s00520-026-10823-7,Photobiomodulation / Red Light,https://pubmed.ncbi.nlm.nih.gov/42234177/
42231857,"A multimodal evaluation of transcranial photobiomodulation in mild cognitive impairment: Cognitive, metabolic, and neuroimaging outcomes of a pilot randomized controlled trial.",2026,Journal of Alzheimer's disease : JAD,Randomized controlled trial,10.1177/13872877261453911,Photobiomodulation / Red Light,https://pubmed.ncbi.nlm.nih.gov/42231857/
42231103,PHOTObiomodulation for REsistant Depression Study: An Open-Label Pilot Trial on Transcranial Photobiomodulation for Treatment-Resistant Depression.,2026,"Photobiomodulation, photomedicine, and laser surgery",Controlled / clinical trial,10.1177/25785478261456433,Photobiomodulation / Red Light,https://pubmed.ncbi.nlm.nih.gov/42231103/
42228167,Photobiomodulation for hormone therapy-induced sexual dysfunction in women with breast cancer: a prospective quasi-experimental clinical study with a parallel observational group.,2026,Supportive care in cancer : official journal of the Multinational Association of Supportive Care in Cancer,Observational research,10.1007/s00520-026-10846-0,Photobiomodulation / Red Light,https://pubmed.ncbi.nlm.nih.gov/42228167/
42217018,Infrared and Laser for Pain and Healing of Postpartum Perineal Injuries: A Systematic Review and Meta-Analysis.,2026,International urogynecology journal,Other research,10.1007/s00192-026-06601-y,Infrared Sauna,https://pubmed.ncbi.nlm.nih.gov/42217018/
42214732,Effect of low-level laser on adhesion of undifferentiated mesenchymal stem cells to human dentin: An ex-vivo study.,2026,Photodiagnosis and photodynamic therapy,Other research,10.1016/j.pdpdt.2026.105529,Photobiomodulation / Red Light,https://pubmed.ncbi.nlm.nih.gov/42214732/
42214240,The effect of additional skin wetting on physiological strain and exercise performance: systematic review and meta-analysis.,2026,Journal of thermal biology,Systematic review / meta-analysis,10.1016/j.jtherbio.2026.104494,Sauna & Heat Therapy,https://pubmed.ncbi.nlm.nih.gov/42214240/
42212718,"Effects of Transcutaneous Electrical Nerve Stimulation, Electrical Muscle Stimulation, Exercise and Heat on Back Pain-A Randomized Controlled Clinical Exploratory Trial.",2026,"European journal of pain (London, England)",Randomized controlled trial,10.1002/ejp.70302,Sauna & Heat Therapy,https://pubmed.ncbi.nlm.nih.gov/42212718/
42208329,Cellular and molecular mechanisms of photobiomodulation: A scoping review on therapeutic potential for multiple sclerosis.,2026,International immunopharmacology,Other research,10.1016/j.intimp.2026.116934,Photobiomodulation / Red Light,https://pubmed.ncbi.nlm.nih.gov/42208329/
42207758,"Photobiomodulation for pain management during placement of the copper T 380 intrauterine device: Protocol for a randomized, double-blind controlled trial.",2026,PloS one,Other research,10.1371/journal.pone.0349031,Photobiomodulation / Red Light,https://pubmed.ncbi.nlm.nih.gov/42207758/
42206653,"Effects of Photobiomodulation by Laser and Mechanical Systems on Low Back Pain: A Longitudinal, Randomized, Placebo-Controlled Clinical Trial.",2026,Journal of biophotonics,Randomized controlled trial,10.1002/jbio.70299,Photobiomodulation / Red Light,https://pubmed.ncbi.nlm.nih.gov/42206653/
42204828,Factors influencing acute tympanic temperature changes during cold water exposure.,2026,International journal of circumpolar health,Other research,10.1080/22423982.2026.2680803,Cold-Water Immersion,https://pubmed.ncbi.nlm.nih.gov/42204828/
42204531,The micro-phenomenology of Floatation-REST.,2026,BMC complementary medicine and therapies,Other research,10.1186/s12906-026-05415-1,Floatation Therapy,https://pubmed.ncbi.nlm.nih.gov/42204531/
42191953,Antimicrobial effects of repeated 405 nm low-level-laser photobiomodulation: an In-vitro study on surgical wound pathogens.,2026,Lasers in medical science,Other research,10.1007/s10103-026-04897-2,Photobiomodulation / Red Light,https://pubmed.ncbi.nlm.nih.gov/42191953/
42190821,Pediatric blood pressure vulnerability to meteorological hazards: Lagged and nonlinear effects of temperature-humidity exposure in urban China.,2026,Environmental research,Other research,10.1016/j.envres.2026.124846,Cold-Water Immersion,https://pubmed.ncbi.nlm.nih.gov/42190821/
42177497,Climate vulnerability factors for temperature-related respiratory mortality: a nationwide two-stage time-series study from 2008 to 2021.,2026,Environmental health : a global access science source,Other research,10.1186/s12940-026-01309-4,Cold-Water Immersion,https://pubmed.ncbi.nlm.nih.gov/42177497/
42174255,"Acute effect of photobiomodulation therapy in quadriceps strength, fatigue and pain of patients with chronic kidney failure: a randomized, double-blind, placebo controlled crossover clinical trial.",2026,Lasers in medical science,Randomized controlled trial,10.1007/s10103-026-04886-5,Photobiomodulation / Red Light,https://pubmed.ncbi.nlm.nih.gov/42174255/
42173984,LSTM-based safety-oriented prediction of big toe skin temperature in extreme cold conditions for mountaineering footwear evaluation.,2026,Scientific reports,Other research,10.1038/s41598-026-52990-x,Cold-Water Immersion,https://pubmed.ncbi.nlm.nih.gov/42173984/
42172262,A randomised crossover trial comparing photobiomodulation therapy with other recovery strategies in CrossFit athletes.,2026,PloS one,Randomized controlled trial,10.1371/journal.pone.0349880,Exercise Recovery|Photobiomodulation / Red Light,https://pubmed.ncbi.nlm.nih.gov/42172262/
42168455,Paroxysmal kinesigenic dyskinesia: clinical report of 10 cases from three pedigrees with literature review.,2026,Neurological sciences : official journal of the Italian Neurological Society and of the Italian Society of Clinical Neurophysiology,Other research,10.1007/s10072-026-09099-w,Cold-Water Immersion,https://pubmed.ncbi.nlm.nih.gov/42168455/
42162824,Identifying critical windows and sex-specific effects of periconceptional exposure to fine particulate matter and temperature on fetal growth trajectories: A longitudinal birth cohort study.,2026,"Environmental pollution (Barking, Essex : 1987)",Other research,10.1016/j.envpol.2026.128389,Cold-Water Immersion,https://pubmed.ncbi.nlm.nih.gov/42162824/
42162158,Tear biomarker changes and ocular surface recovery with low-level light therapy after cataract surgery: a double-masked randomized controlled clinical trial.,2026,Scientific reports,Randomized controlled trial,10.1038/s41598-026-53521-4,Photobiomodulation / Red Light,https://pubmed.ncbi.nlm.nih.gov/42162158/
42159819,Photobiomodulation-induced Differentiation of Adipose-derived Stem Cells into Neuronal Organoid-like Structures.,2026,Molecular neurobiology,Other research,10.1007/s12035-026-05903-y,Photobiomodulation / Red Light,https://pubmed.ncbi.nlm.nih.gov/42159819/
42156320,Far infrared therapy improves the vascular function of lower extremities in hemodialysis patients.,2026,Journal of the Formosan Medical Association = Taiwan yi zhi,Other research,10.1016/j.jfma.2026.05.056,Infrared Sauna,https://pubmed.ncbi.nlm.nih.gov/42156320/
42154309,"Comparative clinical effects of extraoral photobiomodulation using laser and LED on pain, swelling, and quality of life following impacted mandibular third molar surgery: a randomized split-mouth trial.",2026,Lasers in medical science,Randomized controlled trial,10.1007/s10103-025-04796-y,Photobiomodulation / Red Light,https://pubmed.ncbi.nlm.nih.gov/42154309/
42150453,Exploration of the mechanism of lipid droplets regulating animal adipose tissue thermogenesis.,2026,Journal of thermal biology,Other research,10.1016/j.jtherbio.2026.104487,Cold-Water Immersion,https://pubmed.ncbi.nlm.nih.gov/42150453/
42144713,Premyopia Management in China: From Biometrics to Clinical Management.,2026,Eye & contact lens,Other research,10.1097/ICL.0000000000001282,Photobiomodulation / Red Light,https://pubmed.ncbi.nlm.nih.gov/42144713/
42140330,Adjunctive repeated low-level red-light therapy enhances structural outcomes in optical myopia control: A meta-analysis.,2026,Photodiagnosis and photodynamic therapy,Systematic review / meta-analysis,10.1016/j.pdpdt.2026.105512,Photobiomodulation / Red Light,https://pubmed.ncbi.nlm.nih.gov/42140330/
42135451,Age-related patterns in tongue thermal response to cold stimulus assessed by infrared thermography.,2026,Scientific reports,Other research,10.1038/s41598-026-53059-5,Cold-Water Immersion,https://pubmed.ncbi.nlm.nih.gov/42135451/
42134441,Impacts of ambient temperature on pregnant women's cardiovascular function and variations related to fetal sex.,2026,Environmental research,Other research,10.1016/j.envres.2026.124742,Cold-Water Immersion,https://pubmed.ncbi.nlm.nih.gov/42134441/
42114940,LOW-LEVEL LASER THERAPY AND DENTAL INJECTION PAIN IN CHILDREN: A SYSTEMATIC REVIEW AND META-ANALYSIS.,2026,The journal of evidence-based dental practice,Systematic review / meta-analysis,10.1016/j.jebdp.2026.102235,Photobiomodulation / Red Light,https://pubmed.ncbi.nlm.nih.gov/42114940/
42113470,Acute effects of passive heat exposure on vascular function and exercise capacity in patients with chronic kidney disease.,2026,American journal of physiology. Heart and circulatory physiology,Randomized controlled trial,10.1152/ajpheart.00020.2026,Exercise Recovery|Infrared Sauna|Sauna & Heat Therapy,https://pubmed.ncbi.nlm.nih.gov/42113470/
42107744,Cold-induced liver dysfunction drives cardiac damage through a liver-heart axis.,2026,European journal of pharmacology,Other research,10.1016/j.ejphar.2026.178955,Cold-Water Immersion,https://pubmed.ncbi.nlm.nih.gov/42107744/
42106735,Innovative photobiomodulation-enhanced T-PRF in posterior mandibular fractures: a randomized pilot study.,2026,BMC oral health,Randomized controlled trial,10.1186/s12903-026-08455-8,Exercise Recovery,https://pubmed.ncbi.nlm.nih.gov/42106735/
42104787,"Nonsurgical Treatment of Peri-Implantitis Using Er:YAG Laser (2940 nm) and Photobiomodulation: A Randomized Controlled Clinical Trial. Clinical, Microbiological, and Patient-Reported Outcome Measures.",2026,"Photobiomodulation, photomedicine, and laser surgery",Randomized controlled trial,10.1177/25785478261447960,Photobiomodulation / Red Light,https://pubmed.ncbi.nlm.nih.gov/42104787/
42101622,The effects of carbonated cold water immersion of the arm during half-time on intermittent exercise performance in the heat.,2026,European journal of applied physiology,Other research,10.1007/s00421-026-06252-3,Cold-Water Immersion,https://pubmed.ncbi.nlm.nih.gov/42101622/
42098776,Efficacy and safety of non-pharmacological interventions for gastroesophageal reflux and gastroesophageal reflux disease in children: a systematic review.,2026,Italian journal of pediatrics,Systematic review / meta-analysis,10.1186/s13052-026-02264-z,Massage Therapy,https://pubmed.ncbi.nlm.nih.gov/42098776/
42097414,Alleviation of osteoarthritis progression through far-infrared therapy targeting osteoclast cytoskeleton and MAPK/c-Fos/NFATc1 signaling inhibition.,2026,Pharmacological research,Other research,10.1016/j.phrs.2026.108221,Infrared Sauna,https://pubmed.ncbi.nlm.nih.gov/42097414/
42091630,Environmental conditions and cardiac autonomic function during an Antarctic summer expedition at James Ross Island.,2026,Scientific reports,Other research,10.1038/s41598-026-51221-7,Cold-Water Immersion,https://pubmed.ncbi.nlm.nih.gov/42091630/
42090275,Reflex vasodilation and sweating in response to passive whole body heating are blunted in women with major depressive disorder.,2026,"Journal of applied physiology (Bethesda, Md. : 1985)",Other research,10.1152/japplphysiol.00147.2026,Sauna & Heat Therapy,https://pubmed.ncbi.nlm.nih.gov/42090275/
42089766,Efficacy of Manual Massage Therapy on Spasticity in Patients with Stroke and Cerebral Palsy: A Systematic Review and Meta-Analysis.,2026,NeuroRehabilitation,Systematic review / meta-analysis,10.1177/10538135261447895,Massage Therapy,https://pubmed.ncbi.nlm.nih.gov/42089766/
42089765,Ergogenic Effects of Intermittent Hand Cooling on High-Intensity Resistance Exercise Performance: A Placebo-Controlled Crossover Study.,2026,Journal of strength and conditioning research,Randomized controlled trial,10.1519/JSC.0000000000005384,Cold-Water Immersion,https://pubmed.ncbi.nlm.nih.gov/42089765/
42088589,"Impact of different cryotherapy interventions on post-exercise acute delayed-onset muscle soreness, athletic performance, and inflammatory biomarkers: a systematic review and network meta-analysis.",2026,Frontiers in sports and active living,Other research,10.3389/fspor.2026.1819396,Contrast Therapy,https://pubmed.ncbi.nlm.nih.gov/42088589/
42087563,"Magnitude and variability of blood pressure and renal vascular conductance responses to postural changes, exercise, and cold in black adults: A pilot study.",2026,Physiological reports,Other research,10.14814/phy2.70888,Cold-Water Immersion,https://pubmed.ncbi.nlm.nih.gov/42087563/
42082093,Oral and dental complications and management in head and neck cancer patients: An umbrella review.,2026,Journal of dentistry,Systematic review / meta-analysis,10.1016/j.jdent.2026.106731,Photobiomodulation / Red Light,https://pubmed.ncbi.nlm.nih.gov/42082093/
42080480,Effect of photobiomodulation on pain relief and functional improvement in fractures: a systematic review and meta-analysis.,2026,Annals of medicine,Systematic review / meta-analysis,10.1080/07853890.2026.2667061,Exercise Recovery|Photobiomodulation / Red Light,https://pubmed.ncbi.nlm.nih.gov/42080480/
42076873,"Do Laser and Light Activation Improve In-Office Dental Bleaching Outcomes? An Umbrella Review of Efficacy, Tooth Sensitivity, and Biological Safety.",2026,Journal of esthetic and restorative dentistry : official publication of the American Academy of Esthetic Dentistry ... [et al.],Systematic review / meta-analysis,10.1111/jerd.70176,Photobiomodulation / Red Light,https://pubmed.ncbi.nlm.nih.gov/42076873/
42074383,Causes and Consequences of Freezing Cold Injuries in the Norwegian Armed Forces from the Soldier's Perspective-A Qualitative Study.,2026,International journal of environmental research and public health,Other research,10.3390/ijerph23040444,Cold-Water Immersion,https://pubmed.ncbi.nlm.nih.gov/42074383/
42069496,"Comment on ""Far infrared therapy improves the vascular function of lower extremities in hemodialysis patients"".",2026,Journal of the Formosan Medical Association = Taiwan yi zhi,Other research,10.1016/j.jfma.2026.04.125,Infrared Sauna,https://pubmed.ncbi.nlm.nih.gov/42069496/
42068816,"The impact of stem cell secretome, exosomes, and photobiomodulation on enhancing diabetic wound recovery.",2026,Biomedicine & pharmacotherapy = Biomedecine & pharmacotherapie,Other research,10.1016/j.biopha.2026.119440,Exercise Recovery|Photobiomodulation / Red Light,https://pubmed.ncbi.nlm.nih.gov/42068816/
42068075,Single intake of matcha increases brown adipose tissue activity in young women with low thermogenesis.,2026,Physiological reports,Randomized controlled trial,10.14814/phy2.70896,Cold-Water Immersion,https://pubmed.ncbi.nlm.nih.gov/42068075/
42060269,Photobiomodulation therapy in the treatment of genitourinary syndrome in postmenopausal women - a placebo-controlled double-blind clinical trial.,2026,Climacteric : the journal of the International Menopause Society,Randomized controlled trial,10.1080/13697137.2026.2658817,Photobiomodulation / Red Light,https://pubmed.ncbi.nlm.nih.gov/42060269/
42059078,Active Brown Adipose Tissue Is Associated With Reduced Arterial Inflammation and Less Atherogenic Circulating Factors in Individuals With Obesity.,2026,"Arteriosclerosis, thrombosis, and vascular biology",Controlled / clinical trial,10.1161/ATVBAHA.125.324200,Cold-Water Immersion,https://pubmed.ncbi.nlm.nih.gov/42059078/
42054132,Effect of Ice Consistency and Sodium Chloride Additives on Cooling Speed and Final Temperature for Cold Water-Ice Immersion in Heat Stroke.,2026,The western journal of emergency medicine,Other research,10.5811/westjem.48490,Cold-Water Immersion,https://pubmed.ncbi.nlm.nih.gov/42054132/
42053131,Integrating Photobiomodulation into Routine Care in the Absence of Guidelines: An Approach Based on Combining Available Data from the Literature with Clinical Experience.,2026,"Photobiomodulation, photomedicine, and laser surgery",Other research,10.1177/25785478261443160,Photobiomodulation / Red Light,https://pubmed.ncbi.nlm.nih.gov/42053131/
42052855,Why and When Are Evidence-Based Interventions Adopted in Paediatric Supportive Care? A Qualitative Exploration of the Determinants of Photobiomodulation Implementation.,2026,Pediatric blood & cancer,Other research,10.1002/1545-5017.70282,Photobiomodulation / Red Light,https://pubmed.ncbi.nlm.nih.gov/42052855/
42046494,Repeated low-level red-light therapy for improving asthenopic symptoms and accommodation in presbyopia.,2026,Annals of medicine,Randomized controlled trial,10.1080/07853890.2026.2663105,Photobiomodulation / Red Light,https://pubmed.ncbi.nlm.nih.gov/42046494/
42044952,"Effects of photobiomodulation with red and infrared low-level laser diodes in individuals undergoing rhinoplasty at a single centre in São Paulo, Brazil: protocol for a randomised, double-blind, controlled clinical trial.",2026,BMJ open,Other research,10.1136/bmjopen-2025-112848,Exercise Recovery,https://pubmed.ncbi.nlm.nih.gov/42044952/
42033804,Cold Climate and Alzheimer's Disease: A Narrative Review of Biomedical and Environmental Mechanisms.,2026,Acta neurologica Taiwanica,Other research,10.4103/ant.ANT-D-25-00060,Cold-Water Immersion,https://pubmed.ncbi.nlm.nih.gov/42033804/
42030720,The impact of near-infrared photobiomodulation therapy on human oocyte rescue in vitro maturation.,2026,"Journal of photochemistry and photobiology. B, Biology",Other research,10.1016/j.jphotobiol.2026.113452,Photobiomodulation / Red Light,https://pubmed.ncbi.nlm.nih.gov/42030720/
42030202,High-altitude exercise performance and acute mountain sickness unchanged following cold water habituation.,2026,"American journal of physiology. Regulatory, integrative and comparative physiology",Randomized controlled trial,10.1152/ajpregu.00149.2025,Cold-Water Immersion,https://pubmed.ncbi.nlm.nih.gov/42030202/
42027077,Fast & fuelious: the malate-aspartate shuttle in brown adipocyte lipid metabolism.,2026,The FEBS journal,Other research,10.1111/febs.70557,Cold-Water Immersion,https://pubmed.ncbi.nlm.nih.gov/42027077/
42024020,"Home-based transcranial photobiomodulation improves cognitive function in mild cognitive impairment due to Alzheimer's disease: A randomized, double-blind, placebo-controlled confirmatory trial.",2026,Journal of Alzheimer's disease : JAD,Randomized controlled trial,10.1177/13872877261443973,Photobiomodulation / Red Light,https://pubmed.ncbi.nlm.nih.gov/42024020/
42010426,Influencing factors of chemotherapy-induced peripheral neuropathy in colorectal cancer: a systematic review and meta-analysis.,2026,BMC gastroenterology,Systematic review / meta-analysis,10.1186/s12876-026-04833-2,Cold-Water Immersion,https://pubmed.ncbi.nlm.nih.gov/42010426/
42010389,Cold-Induced Lipidomic Remodelling Is Associated With Brown Adipose Tissue Mean Radiodensity in Humans.,2026,"Diabetes, obesity & metabolism",Other research,10.1111/dom.70772,Cold-Water Immersion,https://pubmed.ncbi.nlm.nih.gov/42010389/
42009264,Effects of photobiomodulation by infrared LED-therapy on improving cardiopulmonary functions and hematologic parameters in patients with community-acquired pneumonia (CAP).,2026,Respiratory medicine,Randomized controlled trial,10.1016/j.rmed.2026.108847,Exercise Recovery|Photobiomodulation / Red Light,https://pubmed.ncbi.nlm.nih.gov/42009264/
42009188,Illuminating the evidence: A comprehensive review of light-assisted in-office tooth bleaching.,2026,Journal of dentistry,Other research,10.1016/j.jdent.2026.106707,Photobiomodulation / Red Light,https://pubmed.ncbi.nlm.nih.gov/42009188/
42001923,Does the use of laser therapy enhance healing and reduce the size of periapical lesions? A systematic review and meta-analysis.,2026,Photodiagnosis and photodynamic therapy,Systematic review / meta-analysis,10.1016/j.pdpdt.2026.105472,Photobiomodulation / Red Light,https://pubmed.ncbi.nlm.nih.gov/42001923/
42000612,Light therapy for chronic pain: From molecular mechanisms to next-generation therapeutic strategies.,2026,"Journal of photochemistry and photobiology. B, Biology",Other research,10.1016/j.jphotobiol.2026.113438,Photobiomodulation / Red Light,https://pubmed.ncbi.nlm.nih.gov/42000612/
41999284,Effect of ambient cold exposure on pain modulation: exploring individually reported thermal comfort as moderating factor in a crossover study of young adults.,2026,Scandinavian journal of pain,Randomized controlled trial,10.1515/sjpain-2025-0062,Cold-Water Immersion,https://pubmed.ncbi.nlm.nih.gov/41999284/
41998790,Advances in research on thermogenic substances.,2026,Journal of physiological anthropology,Other research,10.1186/s40101-026-00428-8,Cold-Water Immersion,https://pubmed.ncbi.nlm.nih.gov/41998790/
41997531,Low-level light therapy as an adjunct to intense pulsed light for lipid layer thickness improvement in meibomian gland dysfunction: A randomized trial.,2026,The ocular surface,Randomized controlled trial,10.1016/j.jtos.2026.04.004,Photobiomodulation / Red Light,https://pubmed.ncbi.nlm.nih.gov/41997531/
41997093,The effects of non-pharmacological interventions on sleep disturbances in people with subjective cognitive decline: A systematic review.,2026,"Geriatric nursing (New York, N.Y.)",Systematic review / meta-analysis,10.1016/j.gerinurse.2026.104055,Photobiomodulation / Red Light,https://pubmed.ncbi.nlm.nih.gov/41997093/
41995243,[About the color of the skin outside the livor mortis marks in cases of death from general hypothermia].,2026,Sudebno-meditsinskaia ekspertiza,Other research,10.17116/sudmed20266902142,Cold-Water Immersion,https://pubmed.ncbi.nlm.nih.gov/41995243/
41987486,"Pulsed 830-nm Laser Irradiation Modulates Aδ- and C-Fiber-Mediated Pain Thresholds in Healthy Adults: A Randomized, Sham-Controlled Trial.",2026,Lasers in surgery and medicine,Randomized controlled trial,10.1002/lsm.70138,Photobiomodulation / Red Light,https://pubmed.ncbi.nlm.nih.gov/41987486/
41983886,Is photobiomodulation therapy free from racial bias?: a narrative review of skin pigmentation.,2026,Sao Paulo medical journal = Revista paulista de medicina,Other research,10.1590/1516-3180.2025.3358.26012026,Exercise Recovery,https://pubmed.ncbi.nlm.nih.gov/41983886/
41977288,Graphene Far-Infrared Therapy Enhances Diabetic Wound Healing Through Potential Mitigation of Oxidative Stress and Inflammation and Regulation of Chemokines and Macrophage Polarization.,2026,International journal of molecular sciences,Other research,10.3390/ijms27073101,Infrared Sauna,https://pubmed.ncbi.nlm.nih.gov/41977288/
41975391,Beyond the placebo effect: a systematic review and a network meta-analysis of treatment strategies for vulvodynia.,2026,BMC women's health,Systematic review / meta-analysis,10.1186/s12905-026-04469-0,Exercise Recovery,https://pubmed.ncbi.nlm.nih.gov/41975391/
41974297,Safety analysis of repeated low-level red light therapy on cone mosaic and microvasculature by adaptive optics scanning laser ophthalmoscopy.,2026,Photodiagnosis and photodynamic therapy,Other research,10.1016/j.pdpdt.2026.105473,Photobiomodulation / Red Light,https://pubmed.ncbi.nlm.nih.gov/41974297/
41973866,Efficacy and Safety of Massage Therapy for Cognitive Impairment in Patients With Autism Spectrum Disorder: Protocol for a Systematic Review and Meta-Analysis.,2026,JMIR research protocols,Other research,10.2196/88284,Massage Therapy,https://pubmed.ncbi.nlm.nih.gov/41973866/
41966601,Comparative effects of some pharmacological and non-pharmacological interventions on cognitive function in Alzheimer's disease: A Bayesian network meta-analysis.,2026,The journal of prevention of Alzheimer's disease,Observational research,10.1016/j.tjpad.2026.100564,Photobiomodulation / Red Light,https://pubmed.ncbi.nlm.nih.gov/41966601/
41965326,Photobiomodulation restores blood-brain barrier integrity after hypoxia via endothelial von Willebrand factor modulation in a humanised tricellular transwell model.,2026,The Journal of physiology,Other research,10.1113/JP291064,Exercise Recovery|Photobiomodulation / Red Light,https://pubmed.ncbi.nlm.nih.gov/41965326/
41963119,Bariatric surgery reverses blunted blood pressure reactivity to cold-induced stress in patients with severe obesity.,2026,Obesity research & clinical practice,Other research,10.1016/j.orcp.2026.03.005,Cold-Water Immersion,https://pubmed.ncbi.nlm.nih.gov/41963119/
41951566,Understanding Primary Care Providers' Decisions to Recommend Complementary and Integrative Health Therapies: A Qualitative Analysis.,2026,Journal of integrative and complementary medicine,Other research,10.1177/27683605261441040,Massage Therapy,https://pubmed.ncbi.nlm.nih.gov/41951566/
41947493,"Cold exposure and metabolic health: Therapeutic potential for obesity, diabetes, and beyond.",2026,Physiological reports,Other research,10.14814/phy2.70838,Cold-Water Immersion,https://pubmed.ncbi.nlm.nih.gov/41947493/
41942741,Cold-induced metabolic flexibility explains ethnic disparities among individuals with obesity and insulin resistance.,2026,International journal of obesity (2005),Other research,10.1038/s41366-026-02066-7,Cold-Water Immersion,https://pubmed.ncbi.nlm.nih.gov/41942741/
41941353,Physiological responses of individuals with idiopathic chilblains during cold exposure and rewarming: a nonrandomized clinical trial.,2026,"American journal of physiology. Regulatory, integrative and comparative physiology",Controlled / clinical trial,10.1152/ajpregu.00157.2025,Cold-Water Immersion,https://pubmed.ncbi.nlm.nih.gov/41941353/
41936732,The effect of structured hand massage on hand function and grip strength in rheumatoid arthritis patients: a randomized controlled pilot study.,2026,Rheumatology international,Randomized controlled trial,10.1007/s00296-026-06095-3,Massage Therapy,https://pubmed.ncbi.nlm.nih.gov/41936732/
41927193,Is cryotherapy effective for tendon health? A systematic review of evidence and methodological limitations.,2026,Journal of bodywork and movement therapies,Systematic review / meta-analysis,10.1016/j.jbmt.2025.11.015,Cold-Water Immersion,https://pubmed.ncbi.nlm.nih.gov/41927193/
41927187,Effect of aroma shiatsu massage therapy on cognitive function in healthy adolescents: A non-randomized controlled trial.,2026,Journal of bodywork and movement therapies,Controlled / clinical trial,10.1016/j.jbmt.2025.10.047,Massage Therapy,https://pubmed.ncbi.nlm.nih.gov/41927187/
41926906,Cold exposure promotes thrombotic risk in ischemic stroke by activating the platelet cGAS-STING pathway.,2026,Thrombosis research,Other research,10.1016/j.thromres.2026.109663,Cold-Water Immersion,https://pubmed.ncbi.nlm.nih.gov/41926906/
41916831,[Analysis of treatment practices for locally advanced head and neck squamous cell carcinoma: A survey from GORTEC].,2026,Bulletin du cancer,Other research,10.1016/j.bulcan.2026.01.022,Photobiomodulation / Red Light,https://pubmed.ncbi.nlm.nih.gov/41916831/
41907146,Ambient Cold and Mortality in Pan-Arterial Diseases: A Nationwide Ecological Analysis of CDC WONDER Data.,2026,Vascular health and risk management,Other research,10.2147/VHRM.S589152,Cold-Water Immersion,https://pubmed.ncbi.nlm.nih.gov/41907146/
41901516,"Regenerative Surgery, State of the Art and New Perspectives: A Narrative Review.",2026,"Medicina (Kaunas, Lithuania)",Other research,10.3390/medicina62030432,Exercise Recovery,https://pubmed.ncbi.nlm.nih.gov/41901516/
41899724,Effects of Bathtub Bathing and Sauna Practices on Cardiovascular and Systemic Health: A Narrative Review.,2026,International journal of environmental research and public health,Other research,10.3390/ijerph23030347,Sauna & Heat Therapy,https://pubmed.ncbi.nlm.nih.gov/41899724/
41898415,Far Infrared Radiation Attenuates Bleomycin-Induced Pulmonary Fibrosis in Mice via Modulation of the p53/TGF-β Signaling Pathway.,2026,International journal of molecular sciences,Other research,10.3390/ijms27062551,Infrared Sauna,https://pubmed.ncbi.nlm.nih.gov/41898415/
41894397,Cryotherapy and Duration of Inflammatory Pain in Mice.,2026,Anesthesiology,Other research,10.1097/ALN.0000000000006066,Contrast Therapy,https://pubmed.ncbi.nlm.nih.gov/41894397/
41893929,Heat and cold interventions: unveiling synergistic and counteractive mechanisms for health benefits - a narrative review.,2026,International journal of biometeorology,Other research,10.1007/s00484-026-03177-6,Cold-Water Immersion|Contrast Therapy|Exercise Recovery|Sauna & Heat Therapy,https://pubmed.ncbi.nlm.nih.gov/41893929/
41892840,Effects of Photobiomodulation Therapy on Pain and Healing of Episiotomies and Grade 2 and 3 Perineal Lacerations After Vaginal Delivery: A Prospective Observational Cohort Study.,2026,"Medical sciences (Basel, Switzerland)",Observational research,10.3390/medsci14010125,Exercise Recovery,https://pubmed.ncbi.nlm.nih.gov/41892840/
41887045,Blue light photobiomodulation attenuates aggressiveness and stemness features in oral squamous carcinoma cells.,2026,Archives of oral biology,Other research,10.1016/j.archoralbio.2026.106575,Photobiomodulation / Red Light,https://pubmed.ncbi.nlm.nih.gov/41887045/
41886997,Body bag integrity in simulated prehospital cold water immersion: A comparison study.,2026,The American journal of emergency medicine,Observational research,10.1016/j.ajem.2026.03.012,Cold-Water Immersion,https://pubmed.ncbi.nlm.nih.gov/41886997/
41882685,Feasibility of classic massage for Swedish nurses: a mixed methods pre-post-test design study.,2026,BMC complementary medicine and therapies,Other research,10.1186/s12906-026-05356-9,Massage Therapy,https://pubmed.ncbi.nlm.nih.gov/41882685/
41877877,Far infrared intervention on brain changes in patients with alcohol dependence: a pilot longitudinal MRI study.,2026,Frontiers in psychiatry,Other research,10.3389/fpsyt.2026.1759791,Infrared Sauna,https://pubmed.ncbi.nlm.nih.gov/41877877/
41870602,Single and repeat ischemic preconditioning unable to modify cold-induced vasodilation or cold air finger skin temperatures and manual dexterity.,2026,"American journal of physiology. Regulatory, integrative and comparative physiology",Other research,10.1152/ajpregu.00176.2025,Cold-Water Immersion,https://pubmed.ncbi.nlm.nih.gov/41870602/
41868829,Characterizing the Profile of Individuals Who Undergo Flotation-REST: A Cross-Sectional Survey.,2026,American journal of lifestyle medicine,Other research,10.1177/15598276261430291,Floatation Therapy,https://pubmed.ncbi.nlm.nih.gov/41868829/
41867108,Effects of 635 nm Photobiomodulation on Human Gingival Fibroblast Proliferation: A Preliminary In Vitro Study.,2026,"Photobiomodulation, photomedicine, and laser surgery",Other research,10.1177/25785478261434252,Photobiomodulation / Red Light,https://pubmed.ncbi.nlm.nih.gov/41867108/
41864516,"Therapeutic effect of Photobiomodulation therapy on radiation-induced oral mucositis in head and neck Cancer: A prospective double-blind, self-controlled clinical trial.",2026,Radiotherapy and oncology : journal of the European Society for Therapeutic Radiology and Oncology,Other research,10.1016/j.radonc.2026.111495,Exercise Recovery|Photobiomodulation / Red Light,https://pubmed.ncbi.nlm.nih.gov/41864516/
41848988,Therapeutic Massage for Cancer Survivors: An Umbrella Review.,2026,Current oncology reports,Systematic review / meta-analysis,10.1007/s11912-026-01770-x,Massage Therapy,https://pubmed.ncbi.nlm.nih.gov/41848988/
41848374,Lifelong heat exposure as a potential contributor to Alzheimer's disease resilience.,2026,Journal of Alzheimer's disease : JAD,Other research,10.1177/13872877261433226,Sauna & Heat Therapy,https://pubmed.ncbi.nlm.nih.gov/41848374/
41846466,Duration-Dependent Efficacy and Clinical Safety of Repeated Low-Level Red-Light Therapy for Paediatric Myopia: A Systematic Review and Meta-Analysis.,2026,Clinical & experimental ophthalmology,Systematic review / meta-analysis,10.1111/ceo.70105,Photobiomodulation / Red Light,https://pubmed.ncbi.nlm.nih.gov/41846466/
41843413,Cold-Water Immersion Impairs Power Earlier than Strength Through Time-Dependent Reductions in Intramuscular Temperature in Human Dorsiflexor Muscles.,2026,Medicine and science in sports and exercise,Randomized controlled trial,10.1249/MSS.0000000000003904,Cold-Water Immersion|Exercise Recovery,https://pubmed.ncbi.nlm.nih.gov/41843413/
41839508,New and emerging treatments for anxiety disorders.,2026,BMJ (Clinical research ed.),Other research,10.1136/bmj-2024-083441,Floatation Therapy,https://pubmed.ncbi.nlm.nih.gov/41839508/
41838997,Musculoskeletal Treatments: Physical Modalities.,2026,FP essentials,Other research,,Massage Therapy,https://pubmed.ncbi.nlm.nih.gov/41838997/
41833557,Stroke and climate change: A World Stroke Organization scientific statement.,2026,International journal of stroke : official journal of the International Stroke Society,Other research,10.1177/17474930261436535,Cold-Water Immersion,https://pubmed.ncbi.nlm.nih.gov/41833557/
41829995,"Dietary Caffeine, Cold Exposure, and the Estrogen-TRPM8 Axis: A Nutri-Environmental Model for Lower Urinary Tract Symptoms in the Menopause Transition: A Narrative Review.",2026,Nutrients,Other research,10.3390/nu18050825,Cold-Water Immersion,https://pubmed.ncbi.nlm.nih.gov/41829995/
41826208,Far infrared therapy for lower-extremity arterial disease in hemodialysis patients.,2026,Journal of the Formosan Medical Association = Taiwan yi zhi,Other research,10.1016/j.jfma.2026.03.035,Infrared Sauna,https://pubmed.ncbi.nlm.nih.gov/41826208/
41817276,Transcranial Photobiomodulation in Sports Medicine: Enhancing Athletic Performance and Injury Prevention.,2026,"Photobiomodulation, photomedicine, and laser surgery",Other research,10.1177/25785478261429308,Exercise Recovery,https://pubmed.ncbi.nlm.nih.gov/41817276/
41812150,Clinical Efficacy Evaluation of Tuina Combined Medicated Oil in the Treatment of Nonspecific Low Back Pain: Protocol for a Randomized Controlled Trial.,2026,JMIR research protocols,Randomized controlled trial,10.2196/81887,Massage Therapy,https://pubmed.ncbi.nlm.nih.gov/41812150/
41810770,The effect of breathing exercises and mindset with or without cold exposure on mental and physical health in persons with a spinal cord injury-Results of a randomized controlled trial.,2026,Clinical rehabilitation,Randomized controlled trial,10.1177/02692155261428705,Cold-Water Immersion,https://pubmed.ncbi.nlm.nih.gov/41810770/
41810483,Effects of Acute Photobiomodulation on Heart Rate Variability in Physically Active Individuals: A Randomized and Controlled Clinical Trial.,2026,Journal of biophotonics,Randomized controlled trial,10.1002/jbio.70242,Exercise Recovery,https://pubmed.ncbi.nlm.nih.gov/41810483/
41807503,Cold exposure increases aortic dissection risk through extracellular cold inducible RNA binding protein and toll like receptor 4 signaling.,2026,Scientific reports,Other research,10.1038/s41598-026-38164-9,Cold-Water Immersion,https://pubmed.ncbi.nlm.nih.gov/41807503/
41796902,Endothelial ADGRF5(GPR116) governs vascular adaptation required for sustained thermogenic remodeling of brown adipose tissue.,2026,Molecular metabolism,Other research,10.1016/j.molmet.2026.102346,Cold-Water Immersion,https://pubmed.ncbi.nlm.nih.gov/41796902/
41794190,Acute blood pressure responses and safety considerations in heat therapy interventions: A narrative review.,2026,Complementary therapies in medicine,Other research,10.1016/j.ctim.2026.103341,Sauna & Heat Therapy,https://pubmed.ncbi.nlm.nih.gov/41794190/
41792539,"Effectiveness of manual interventions on overall symptoms, pain and quality of life in patients with chemotherapy-induced peripheral neuropathy: a systematic review and meta-analysis.",2026,Supportive care in cancer : official journal of the Multinational Association of Supportive Care in Cancer,Systematic review / meta-analysis,10.1007/s00520-026-10530-3,Massage Therapy,https://pubmed.ncbi.nlm.nih.gov/41792539/
41781619,Microbiota-mediated induction of beige adipocytes in response to dietary cues.,2026,Nature,Other research,10.1038/s41586-026-10205-3,Cold-Water Immersion,https://pubmed.ncbi.nlm.nih.gov/41781619/
41780955,[Pure red cell aplasia in a patient with cold agglutinin disease-associated lymphoproliferative disorder].,2026,[Rinsho ketsueki] The Japanese journal of clinical hematology,Other research,10.11406/rinketsu.67.118,Cold-Water Immersion,https://pubmed.ncbi.nlm.nih.gov/41780955/
41778326,Cold-Induced Hypertension as Life-Environment Disease in Winter: Focus on Data From Japan.,2026,"Hypertension (Dallas, Tex. : 1979)",Other research,10.1161/HYPERTENSIONAHA.125.26518,Cold-Water Immersion,https://pubmed.ncbi.nlm.nih.gov/41778326/
41776769,Impact of cold air exposure on respiratory physiology during light-to-moderate physical activity in healthy adults.,2026,Physiological reports,Randomized controlled trial,10.14814/phy2.70801,Cold-Water Immersion,https://pubmed.ncbi.nlm.nih.gov/41776769/
41771006,"Adding Self-Care Complementary and Integrative Health Therapies to Care for Chronic Pain: The Assessing Pain, Patient Reported Outcomes and Complementary Health (APPROACH) Study.",2026,Medical care,Controlled / clinical trial,10.1097/MLR.0000000000002295,Massage Therapy,https://pubmed.ncbi.nlm.nih.gov/41771006/
41770552,Hemodynamic and vascular effects of different durations of lower-leg hot-water immersion.,2026,"American journal of physiology. Regulatory, integrative and comparative physiology",Other research,10.1152/ajpregu.00309.2025,Sauna & Heat Therapy,https://pubmed.ncbi.nlm.nih.gov/41770552/
41762355,Changes in circulating bile acid levels during cold exposure are associated with brown adipose tissue in humans: a secondary analysis from the ACTIBATE study.,2026,Journal of physiology and biochemistry,Randomized controlled trial,10.1007/s13105-026-01155-5,Cold-Water Immersion,https://pubmed.ncbi.nlm.nih.gov/41762355/
41760496,Raynaud's phenomenon and digital ulceration in systemic sclerosis.,2026,Best practice & research. Clinical rheumatology,Other research,10.1016/j.berh.2026.102121,Cold-Water Immersion,https://pubmed.ncbi.nlm.nih.gov/41760496/
41759079,Sex and menstrual cycle effects on cerebrovascular responses to a single foot cold pressor test.,2026,"Applied physiology, nutrition, and metabolism = Physiologie appliquee, nutrition et metabolisme",Other research,10.1139/apnm-2024-0552,Cold-Water Immersion,https://pubmed.ncbi.nlm.nih.gov/41759079/
41750123,"Sensory Deprivation and the Brain: Neurobiological Mechanisms, Psychological Effects, and Clinical Implications.",2026,Brain sciences,Other research,10.3390/brainsci16020122,Floatation Therapy,https://pubmed.ncbi.nlm.nih.gov/41750123/
41742426,Microbial-derived 3-phenylpropionic acid orchestrates immune-progenitor cell crosstalk to promote beige adipogenesis and energy expenditure.,2026,Cell metabolism,Other research,10.1016/j.cmet.2026.01.017,Cold-Water Immersion,https://pubmed.ncbi.nlm.nih.gov/41742426/
41742004,"Regular Cold-Water Immersion Following HIIT Does Not Affect Intramuscular Adaptation Markers, Inflammatory Profile or Endurance Performance.",2026,Scandinavian journal of medicine & science in sports,Randomized controlled trial,10.1111/sms.70241,Cold-Water Immersion,https://pubmed.ncbi.nlm.nih.gov/41742004/
41730406,Comparative assessment of 638-nm Diode laser photobiomodulation against chemical remineralizing agents for primary caries-affected dentin: Mechanistic investigation of photothermal effects on bonding substrate quality.,2026,Photodiagnosis and photodynamic therapy,Observational research,10.1016/j.pdpdt.2026.105411,Photobiomodulation / Red Light,https://pubmed.ncbi.nlm.nih.gov/41730406/
41710285,A Scoping Review of Flotation-REST (Restricted Environmental Stimulation Therapy) for Chronic Pain and Associated Comorbidities.,2026,Journal of pain research,Other research,10.2147/JPR.S565238,Floatation Therapy,https://pubmed.ncbi.nlm.nih.gov/41710285/
41709501,Hunger on the Three-Factor Eating Questionnaire Is Associated With Increased Ad Libitum Energy Intake in Different Conditions.,2026,"Obesity (Silver Spring, Md.)",Other research,10.1002/oby.70148,Cold-Water Immersion,https://pubmed.ncbi.nlm.nih.gov/41709501/
41708469,"Comment on ""Far-infrared therapy improves cardiovascular and infectious outcomes in peritoneal dialysis patients"".",2026,Journal of the Formosan Medical Association = Taiwan yi zhi,Other research,10.1016/j.jfma.2026.02.013,Infrared Sauna,https://pubmed.ncbi.nlm.nih.gov/41708469/
41706215,Cancer-related fatigue in cancer survivors: an updated clinical practice review for healthcare providers.,2026,Supportive care in cancer : official journal of the Multinational Association of Supportive Care in Cancer,Other research,10.1007/s00520-026-10379-6,Massage Therapy,https://pubmed.ncbi.nlm.nih.gov/41706215/
41706212,Clinical practice guidelines in fibromyalgia. Physiotherapists' adherence in Denmark: a cross-sectional web-based survey study.,2026,Rheumatology international,Other research,10.1007/s00296-026-06084-6,Massage Therapy,https://pubmed.ncbi.nlm.nih.gov/41706212/
41705331,Expert Opinion on Myopia Tapering: Strategies for Managing Myopia Progression.,2026,Ophthalmic epidemiology,Other research,10.1080/09286586.2025.2612156,Photobiomodulation / Red Light,https://pubmed.ncbi.nlm.nih.gov/41705331/
41699915,Acute measurement of flow-mediated dilation following passive heating in adults: The confounding role of altered shear stress and baseline vasodilation.,2026,Physiological reports,Other research,10.14814/phy2.70723,Sauna & Heat Therapy,https://pubmed.ncbi.nlm.nih.gov/41699915/
41691705,Musculoskeletal disorders in musicians: an overview of systematic reviews.,2026,"Occupational medicine (Oxford, England)",Other research,10.1093/occmed/kqaf126,Massage Therapy,https://pubmed.ncbi.nlm.nih.gov/41691705/
41690883,Far-infrared therapy: a promising strategy for reducing cardiovascular and infectious outcomes in patients undergoing peritoneal dialysis.,2026,Journal of the Formosan Medical Association = Taiwan yi zhi,Other research,10.1016/j.jfma.2026.02.019,Infrared Sauna,https://pubmed.ncbi.nlm.nih.gov/41690883/
41683747,Adipocyte Browning: A Promising Avenue in Anti-Obesity Therapy.,2026,International journal of molecular sciences,Other research,10.3390/ijms27031321,Cold-Water Immersion,https://pubmed.ncbi.nlm.nih.gov/41683747/
41679164,Sauna culture improves physical and mental wellbeing in the UK through social connection and ritual.,2026,Social science & medicine (1982),Other research,10.1016/j.socscimed.2026.119061,Contrast Therapy|Sauna & Heat Therapy,https://pubmed.ncbi.nlm.nih.gov/41679164/
41665424,Thyroid response to cold activation of brown adipose tissue in Greenlanders and Danes.,2026,European journal of endocrinology,Other research,10.1093/ejendo/lvag001,Cold-Water Immersion,https://pubmed.ncbi.nlm.nih.gov/41665424/
41664841,Repeated Low-Level Red-Light Therapy for Myopia Control in Myopic Anisometropia Children and Adolescents.,2026,Ophthalmic epidemiology,Other research,10.1080/09286586.2025.2587605,Photobiomodulation / Red Light,https://pubmed.ncbi.nlm.nih.gov/41664841/
41657001,Topical Diltiazem in the Management of Cutaneous Leiomyoma-Associated Pain: Evaluation With a Cold-Provocation Test.,2026,The Australasian journal of dermatology,Other research,10.1111/ajd.70060,Cold-Water Immersion,https://pubmed.ncbi.nlm.nih.gov/41657001/
41647155,Efficacy of post-exercise recovery strategies for elite soccer players: a network meta-analysis.,2026,Frontiers in physiology,Other research,10.3389/fphys.2026.1760392,Infrared Sauna,https://pubmed.ncbi.nlm.nih.gov/41647155/
41643352,Thermal and photic modulation of human sleep architecture and autonomic adaptation during an Antarctic summer expedition.,2026,Journal of thermal biology,Other research,10.1016/j.jtherbio.2026.104403,Cold-Water Immersion,https://pubmed.ncbi.nlm.nih.gov/41643352/
41634808,Peripheral nerve repair: innovations and future directions.,2026,Journal of translational medicine,Other research,10.1186/s12967-025-07567-z,Exercise Recovery,https://pubmed.ncbi.nlm.nih.gov/41634808/
41634322,"Cold stress impacts cognitive performance in healthy volunteers: results from a randomized, controlled, cross-over study.",2026,Scientific reports,Randomized controlled trial,10.1038/s41598-026-38048-y,Cold-Water Immersion,https://pubmed.ncbi.nlm.nih.gov/41634322/
41630126,Testosterone-Optimizing Strategies in Athletes.,2026,Sports health,Other research,10.1177/19417381251411933,Cold-Water Immersion|Sauna & Heat Therapy|Sleep & Passive Heating,https://pubmed.ncbi.nlm.nih.gov/41630126/
41620320,Mechano responsiveness of neuroimmune cross-talk in bone and joints: A narrative review with implications for force-based manipulations.,2026,Musculoskeletal science & practice,Other research,10.1016/j.msksp.2025.103470,Massage Therapy,https://pubmed.ncbi.nlm.nih.gov/41620320/
41618102,Emotional intelligence training improves stress regulation and performance in high-stress occupations.,2026,Scientific reports,Randomized controlled trial,10.1038/s41598-026-36216-8,Cold-Water Immersion,https://pubmed.ncbi.nlm.nih.gov/41618102/
41615492,"""You can only keep it so Warm"": temperatures inside tents and coping strategies among people experiencing unsheltered homelessness.",2026,International journal of biometeorology,Other research,10.1007/s00484-025-03094-0,Cold-Water Immersion,https://pubmed.ncbi.nlm.nih.gov/41615492/
41610746,The influence of cold temperature exposure on markers of bone health in humans: A scoping review.,2026,Journal of thermal biology,Other research,10.1016/j.jtherbio.2026.104401,Cold-Water Immersion,https://pubmed.ncbi.nlm.nih.gov/41610746/
41608567,Hilnc-mediated UCP1 translation repression contributes to thermogenesis and energy expenditure.,2026,Theranostics,Other research,10.7150/thno.122688,Cold-Water Immersion,https://pubmed.ncbi.nlm.nih.gov/41608567/
41605843,Effects of Near Infrared Light on Surgical Wound Healing: A Systematic Review and Meta-Analysis.,2026,International wound journal,Systematic review / meta-analysis,10.1111/iwj.70841,Exercise Recovery,https://pubmed.ncbi.nlm.nih.gov/41605843/
41603269,The effects of hot-water immersion on cardiovascular and cardiorespiratory health of healthy adults: A systematic review and meta-analysis.,2026,Physiological reports,Systematic review / meta-analysis,10.14814/phy2.70668,Sauna & Heat Therapy,https://pubmed.ncbi.nlm.nih.gov/41603269/
41597206,Thermogenesis in Adipose Tissue: Adrenergic and Non-Adrenergic Pathways.,2026,Cells,Other research,10.3390/cells15020131,Cold-Water Immersion,https://pubmed.ncbi.nlm.nih.gov/41597206/
41596563,Antibiotic-Mediated Modulation of the Gut Microbiome Identifies Taurine as a Modulator of Adipocyte Function Through TGR5 Signaling.,2026,International journal of molecular sciences,Other research,10.3390/ijms27020917,Cold-Water Immersion,https://pubmed.ncbi.nlm.nih.gov/41596563/
41590968,Effects of Contrast Water Therapy on Physiological and Perceptual Recovery Following High-Intensity Interval Swimming in Collegiate Swimmers.,2026,"Sports (Basel, Switzerland)",Other research,10.3390/sports14010026,Contrast Therapy,https://pubmed.ncbi.nlm.nih.gov/41590968/
41579458,Trends and cross-country inequalities in the global burden of environmental heat and cold exposure among the elderly population from 1990 to 2021: A population-based study.,2026,Archives of gerontology and geriatrics,Other research,10.1016/j.archger.2026.106148,Cold-Water Immersion,https://pubmed.ncbi.nlm.nih.gov/41579458/
41578562,Effects of cold water immersion vs body cryotherapy on delayed onset muscle soreness and jump performance following acute strenuous exercise in physically active participants: A systematic review and meta-analysis.,2026,Medicine,Systematic review / meta-analysis,10.1097/MD.0000000000046781,Cold-Water Immersion|Exercise Recovery,https://pubmed.ncbi.nlm.nih.gov/41578562/
41576172,Neuronal GPR75 deficiency protects against diet-induced obesity in a humanized mouse model.,2026,Science advances,Other research,10.1126/sciadv.ady7993,Cold-Water Immersion,https://pubmed.ncbi.nlm.nih.gov/41576172/
41568940,Cortical dynamics of cold exposure and thermal recovery: Evidence from EEG-based spatiotemporal analysis.,2026,Experimental physiology,Other research,10.1113/EP093356,Cold-Water Immersion,https://pubmed.ncbi.nlm.nih.gov/41568940/
41566422,Lack of guidelines for cold exposure among vulnerable outdoor workers.,2026,International journal of circumpolar health,Other research,10.1080/22423982.2026.2619359,Cold-Water Immersion,https://pubmed.ncbi.nlm.nih.gov/41566422/
41565197,Heat therapy attenuates hepatic lipid accumulation via CSAD-driven metabolic reprogramming of fatty acid oxidation.,2026,Biochimica et biophysica acta. Molecular and cell biology of lipids,Other research,10.1016/j.bbalip.2026.159722,Sauna & Heat Therapy,https://pubmed.ncbi.nlm.nih.gov/41565197/
41564305,Prolonged stable hypothermia during a 10-hour cold open-water marathon swim.,2026,Experimental physiology,Other research,10.1113/EP093270,Cold-Water Immersion,https://pubmed.ncbi.nlm.nih.gov/41564305/
41559866,"Heat Therapy: Targeting Health, Disease, and Disability.",2026,Comprehensive Physiology,Other research,10.1002/cph4.70089,Sauna & Heat Therapy,https://pubmed.ncbi.nlm.nih.gov/41559866/
41558834,Three-year efficacy and safety of repeated low-level red-light therapy for myopia control: a multicentre real-world study.,2026,The British journal of ophthalmology,Observational research,10.1136/bjo-2025-328687,Photobiomodulation / Red Light,https://pubmed.ncbi.nlm.nih.gov/41558834/
41556178,Emergency medical services utilization among refugees on the Eastern Mediterranean Migration route.,2026,European journal of emergency medicine : official journal of the European Society for Emergency Medicine,Observational research,10.1097/MEJ.0000000000001306,Cold-Water Immersion,https://pubmed.ncbi.nlm.nih.gov/41556178/
41549363,The influence of heat acclimation on the relation and agreement between perceptual and physiological strain in older males during exercise-heat stress.,2026,"Applied physiology, nutrition, and metabolism = Physiologie appliquee, nutrition et metabolisme",Controlled / clinical trial,10.1139/apnm-2025-0360,Sauna & Heat Therapy,https://pubmed.ncbi.nlm.nih.gov/41549363/
41545896,RETRACTION: Effects of Far-Infrared Radiation Lamp Therapy on Recovery from a Simulated Soccer-Match in Elite Female Soccer Players.,2026,Scandinavian journal of medicine & science in sports,Other research,10.1111/sms.70195,Infrared Sauna,https://pubmed.ncbi.nlm.nih.gov/41545896/
41544358,The burden of cold-induced hypertension: Integrating molecular mechanisms and preventive strategies.,2026,Ecotoxicology and environmental safety,Other research,10.1016/j.ecoenv.2026.119731,Cold-Water Immersion,https://pubmed.ncbi.nlm.nih.gov/41544358/
41535534,Smartphone-based Assessment of Vasomotor Function via Fingertip Arteriolar Elasticity Using the Volume-Oscillometric Method with Green Light Photoplethysmography.,2026,Annals of biomedical engineering,Other research,10.1007/s10439-025-03953-2,Cold-Water Immersion,https://pubmed.ncbi.nlm.nih.gov/41535534/
41529261,Translational changes: evidence around efficacy of red-light therapy in myopia management.,2026,Clinical & experimental optometry,Other research,10.1080/08164622.2025.2606171,Photobiomodulation / Red Light,https://pubmed.ncbi.nlm.nih.gov/41529261/
41527703,The nonlinear nature of MEP amplitudes during cold-water immersion.,2026,Neuroreport,Other research,10.1097/WNR.0000000000002242,Cold-Water Immersion,https://pubmed.ncbi.nlm.nih.gov/41527703/
41518771,Chewing gum versus heat therapy for postoperative recovery in patients undergoing gynecologic oncology surgery: A randomized controlled trial.,2026,European journal of oncology nursing : the official journal of European Oncology Nursing Society,Randomized controlled trial,10.1016/j.ejon.2025.103095,Sauna & Heat Therapy,https://pubmed.ncbi.nlm.nih.gov/41518771/
41513940,Changes in peripheral IR thermography and energy expenditure on cooling in men and women following sustained strenuous activity in Antarctica.,2026,Scientific reports,Other research,10.1038/s41598-026-35294-y,Cold-Water Immersion,https://pubmed.ncbi.nlm.nih.gov/41513940/
41501746,Swedish massage as an adjunct approach to Help suppOrt individuals Pregnant after Experiencing a prior Stillbirth (HOPES): feasibility and acceptability findings from a convergent parallel mixed-methods single-arm trial.,2026,BMC complementary medicine and therapies,Controlled / clinical trial,10.1186/s12906-026-05244-2,Massage Therapy,https://pubmed.ncbi.nlm.nih.gov/41501746/
41490103,The Impact of Cold-Water Immersion on Post-Match Recovery in Trained Soccer Players: A Systematic Review and Meta-Analysis.,2026,Scandinavian journal of medicine & science in sports,Systematic review / meta-analysis,10.1111/sms.70202,Cold-Water Immersion|Exercise Recovery,https://pubmed.ncbi.nlm.nih.gov/41490103/
41468216,The Impact of Cold-Water Immersion on Great Toe Flexor Strength and Postural Control.,2026,Motor control,Other research,10.1123/mc.2025-0025,Cold-Water Immersion,https://pubmed.ncbi.nlm.nih.gov/41468216/
41461279,Can thermotherapy mitigate depression? A review of physiological adaptations and clinical evidence.,2026,Brain research,Other research,10.1016/j.brainres.2025.150136,Cold-Water Immersion,https://pubmed.ncbi.nlm.nih.gov/41461279/
41460249,Right-Predominant Pulmonary Edema After Complete Avalanche Burial: Two Cases and Mechanistic Considerations.,2026,Wilderness & environmental medicine,Other research,10.1177/10806032251388857,Cold-Water Immersion,https://pubmed.ncbi.nlm.nih.gov/41460249/
41455157,Effects of physical adjunctive interventions on root resorption in accelerated orthodontic treatment: A systematic review and meta-analysis.,2026,International orthodontics,Systematic review / meta-analysis,10.1016/j.ortho.2025.101123,Photobiomodulation / Red Light,https://pubmed.ncbi.nlm.nih.gov/41455157/
41455112,"Ingesting menthol in a beverage may alter the sweating response during passive heat stress, but only when the beverage is cold.",2026,"Journal of applied physiology (Bethesda, Md. : 1985)",Other research,10.1152/japplphysiol.00748.2025,Sauna & Heat Therapy,https://pubmed.ncbi.nlm.nih.gov/41455112/
41455109,Hot water immersion: a (not so) new therapy for the primary and secondary prevention of hypertension?,2026,"Journal of applied physiology (Bethesda, Md. : 1985)",Other research,10.1152/japplphysiol.00846.2025,Sauna & Heat Therapy,https://pubmed.ncbi.nlm.nih.gov/41455109/
41452027,Cardiovascular Risk in Bulgarian Antarctic Expedition Participants.,2026,Wilderness & environmental medicine,Other research,10.1177/10806032251409144,Cold-Water Immersion,https://pubmed.ncbi.nlm.nih.gov/41452027/
41442183,Piper rhythm-like electromyographical activity in muscle stiffness in sodium channel myotonia representing potassium-aggravated myotonia and myotonia permanens.,2026,Journal of neurophysiology,Other research,10.1152/jn.00466.2025,Cold-Water Immersion,https://pubmed.ncbi.nlm.nih.gov/41442183/
41436324,Transient ocular effects of red light exposure in young adults.,2026,Journal of optometry,Other research,10.1016/j.optom.2025.100594,Photobiomodulation / Red Light,https://pubmed.ncbi.nlm.nih.gov/41436324/
41429186,Does 810-nm Diode Laser Photobiomodulation Improve Sensory Recovery After Le Fort I Surgery?,2026,Journal of oral and maxillofacial surgery : official journal of the American Association of Oral and Maxillofacial Surgeons,Randomized controlled trial,10.1016/j.joms.2025.11.018,Exercise Recovery,https://pubmed.ncbi.nlm.nih.gov/41429186/
41417783,Temperature-induced symptoms in adolescents and adults with spinal muscular atrophy.,2026,Journal of neuromuscular diseases,Other research,10.1177/22143602251406497,Cold-Water Immersion,https://pubmed.ncbi.nlm.nih.gov/41417783/
41410039,Photobiomodulation-assisted surgical wound healing at palatal donor site area: a systematic review.,2026,"Quintessence international (Berlin, Germany : 1985)",Systematic review / meta-analysis,10.3290/j.qi.b6762754,Exercise Recovery,https://pubmed.ncbi.nlm.nih.gov/41410039/
41373073,Clinical Assessment of the Efficacy of Natural Nutraceuticals in Gingival Massage Therapy: A Randomized Clinical Study.,2026,International journal of dental hygiene,Randomized controlled trial,10.1111/idh.70014,Massage Therapy,https://pubmed.ncbi.nlm.nih.gov/41373073/
41369532,"The Effects of Soft Tissue Mobilization and Vibration Therapy on Balance, Explosive Strength, and Functional Performance in Elite Rowers.",2026,Journal of strength and conditioning research,Randomized controlled trial,10.1519/JSC.0000000000005305,Massage Therapy,https://pubmed.ncbi.nlm.nih.gov/41369532/
41355013,"Instrument-assisted soft tissue mobilization as a promising approach for children with chronic neck pain: A single-blind, randomized study.",2026,Journal of back and musculoskeletal rehabilitation,Randomized controlled trial,10.1177/10538127251401084,Massage Therapy,https://pubmed.ncbi.nlm.nih.gov/41355013/
41344550,"Trends in Opioids and Nonpharmacologic Pain Management Among U.S. Cancer Survivors, 2011-2020.",2026,Archives of physical medicine and rehabilitation,Other research,10.1016/j.apmr.2025.11.019,Massage Therapy,https://pubmed.ncbi.nlm.nih.gov/41344550/
41334637,Complementary and Integrative Medicine for the Treatment of Tourette's Syndrome.,2026,Movement disorders clinical practice,Systematic review / meta-analysis,10.1002/mdc3.70464,Massage Therapy,https://pubmed.ncbi.nlm.nih.gov/41334637/
41313353,Inhaled Epoprostenol Augments Cold-Induced Vasodilation: A Double-Blind Crossover Trial.,2026,Wilderness & environmental medicine,Randomized controlled trial,10.1177/10806032251387526,Cold-Water Immersion,https://pubmed.ncbi.nlm.nih.gov/41313353/
41289555,Association of Hospitals' Organizational Characteristics and Market Factors Offering Integrative Medicine Services to Adult Patients With Cancer.,2026,JCO oncology practice,Other research,10.1200/OP-25-00584,Massage Therapy,https://pubmed.ncbi.nlm.nih.gov/41289555/
41285256,"Symptom Relief From Tub Bathing in Terminal Cancer: A Multicenter, Controlled Observational Study.",2026,Journal of pain and symptom management,Controlled / clinical trial,10.1016/j.jpainsymman.2025.11.017,Sleep & Passive Heating,https://pubmed.ncbi.nlm.nih.gov/41285256/
41277745,Assessing the impact of massage and herbal therapies on chronic low back pain: a randomized controlled trial.,2026,Journal of complementary & integrative medicine,Randomized controlled trial,10.1515/jcim-2025-0212,Massage Therapy,https://pubmed.ncbi.nlm.nih.gov/41277745/
41276348,Proteomic profiling of extracellular fluids to identify secreted proteins from muscle and fat tissues.,2026,Methods in cell biology,Other research,10.1016/bs.mcb.2024.08.004,Cold-Water Immersion,https://pubmed.ncbi.nlm.nih.gov/41276348/
41275845,Effects of Cold Exposure on Neurological Mortality of Out-of-Hospital Cardiac Arrest Patients.,2026,The Journal of emergency medicine,Other research,10.1016/j.jemermed.2025.09.030,Cold-Water Immersion,https://pubmed.ncbi.nlm.nih.gov/41275845/
41273740,Photobiomodulation for the management of inferior alveolar nerve paresthesia after implant surgery: A randomized clinical trial.,2026,"Medicina oral, patologia oral y cirugia bucal",Randomized controlled trial,10.4317/medoral.27602,Exercise Recovery,https://pubmed.ncbi.nlm.nih.gov/41273740/
41270346,4.5 % incidence of accidental hypothermia in a German HEMS service - A retrospective 14-year analysis.,2026,The American journal of emergency medicine,Other research,10.1016/j.ajem.2025.10.053,Cold-Water Immersion,https://pubmed.ncbi.nlm.nih.gov/41270346/
41266129,Repeated low-level red-light therapy combined with orthokeratology for myopia control in Spain: a randomised controlled study.,2026,The British journal of ophthalmology,Randomized controlled trial,10.1136/bjo-2025-328347,Photobiomodulation / Red Light,https://pubmed.ncbi.nlm.nih.gov/41266129/
41265722,"Hydrogen sulfide and the physiology of ""totonou"": a hypothesis on sauna-induced vascular recovery.",2026,Nitric oxide : biology and chemistry,Other research,10.1016/j.niox.2025.11.004,Exercise Recovery|Sauna & Heat Therapy,https://pubmed.ncbi.nlm.nih.gov/41265722/
41261519,Novel Variant in the NLRP12 Gene: Insights From a Case Report and Systematic Review.,2026,International journal of immunogenetics,Systematic review / meta-analysis,10.1111/iji.70028,Cold-Water Immersion,https://pubmed.ncbi.nlm.nih.gov/41261519/
41247291,"Cold Water Immersion: Simultaneous Assessment of Cerebral Oxygenation, Vascular Function, and Thermoregulatory Responses.",2026,Military medicine,Other research,10.1093/milmed/usaf570,Cold-Water Immersion,https://pubmed.ncbi.nlm.nih.gov/41247291/
41243523,Brown Adipose Tissue and Metabolic Markers Differ Between Greenlanders and Danes With Cold Activation.,2026,The Journal of clinical endocrinology and metabolism,Observational research,10.1210/clinem/dgaf615,Cold-Water Immersion,https://pubmed.ncbi.nlm.nih.gov/41243523/
41242871,A look at literature on myopia over the past 25 years: a personal review.,2026,Clinical & experimental optometry,Other research,10.1080/08164622.2025.2579173,Photobiomodulation / Red Light,https://pubmed.ncbi.nlm.nih.gov/41242871/
41206219,Cold-Induced Serum Short-Chain Fatty Acids Act as Markers of Brown Adipose Tissue Metabolism in Humans.,2026,The Journal of clinical endocrinology and metabolism,Other research,10.1210/clinem/dgaf607,Cold-Water Immersion,https://pubmed.ncbi.nlm.nih.gov/41206219/
41201984,FGF21 Promotes Thermogenesis by Browning Thermogenic Adipose Tissue during Cold Exposure.,2026,Annals of nutrition & metabolism,Other research,10.1159/000548868,Cold-Water Immersion,https://pubmed.ncbi.nlm.nih.gov/41201984/
41190614,Optimization of photobiomodulation therapy for spinal cord injury: A review.,2026,Photochemistry and photobiology,Other research,10.1111/php.70041,Photobiomodulation / Red Light,https://pubmed.ncbi.nlm.nih.gov/41190614/
41176877,Extreme temperature and preterm birth: Time windows and geographical disparities.,2026,Early human development,Systematic review / meta-analysis,10.1016/j.earlhumdev.2025.106426,Cold-Water Immersion,https://pubmed.ncbi.nlm.nih.gov/41176877/
41175351,The Effects of 10-Minute Outdoor Cold-Water Immersion on Postural Stability.,2026,Military medicine,Other research,10.1093/milmed/usaf528,Cold-Water Immersion|Exercise Recovery,https://pubmed.ncbi.nlm.nih.gov/41175351/
41174914,Characteristics of Massage Therapy Provision in Palliative Care: A Scoping Review.,2026,Journal of palliative medicine,Other research,10.1177/10966218251383277,Massage Therapy,https://pubmed.ncbi.nlm.nih.gov/41174914/
41173363,"Cold exposure induces the constitutively active thermogenic receptor, GPR3, via ERRα and ERRγ.",2026,Molecular metabolism,Other research,10.1016/j.molmet.2025.102277,Cold-Water Immersion,https://pubmed.ncbi.nlm.nih.gov/41173363/
41171380,"Parkinson's disease, aerobic exercise and photobiomodulation: a randomised controlled trial.",2026,"Journal of neural transmission (Vienna, Austria : 1996)",Randomized controlled trial,10.1007/s00702-025-03050-7,Exercise Recovery|Photobiomodulation / Red Light,https://pubmed.ncbi.nlm.nih.gov/41171380/
41167042,Comparative efficacy of non-pharmacological interventions on fatigue in people with multiple sclerosis: A systematic review and network meta-analysis.,2026,International journal of nursing studies,Systematic review / meta-analysis,10.1016/j.ijnurstu.2025.105250,Massage Therapy,https://pubmed.ncbi.nlm.nih.gov/41167042/
41165747,Six-Month Interim Analyses of the Efficacy of Repeated Low-Level Red-Light Therapy Combined with Orthokeratology for Myopia Control in Spanish Children.,2026,Ophthalmic epidemiology,Randomized controlled trial,10.1080/09286586.2025.2580682,Photobiomodulation / Red Light,https://pubmed.ncbi.nlm.nih.gov/41165747/
41165012,"Asthma control and its predictors: a clinic-based study of demographic, therapeutic, and environmental associations.",2026,The Journal of asthma : official journal of the Association for the Care of Asthma,Other research,10.1080/02770903.2025.2581789,Cold-Water Immersion,https://pubmed.ncbi.nlm.nih.gov/41165012/
41139279,Effectiveness of physical rehabilitation in young volleyball players following meniscus suture repair via knee arthroscopy for enhancing return-to-sport (RTS).,2026,Research in sports medicine (Print),Other research,10.1080/15438627.2025.2577331,Massage Therapy,https://pubmed.ncbi.nlm.nih.gov/41139279/
41138443,Hierarchical spindle-structured carbon nanotube fiber as efficient enzyme-enriched reservoir for robust Biosensing textiles.,2026,Biosensors & bioelectronics,Other research,10.1016/j.bios.2025.118142,Sauna & Heat Therapy,https://pubmed.ncbi.nlm.nih.gov/41138443/
41128912,Hemodynamic responses of the prefrontal cortex following cold water immersion during an eyes-closed balance assessment.,2026,European journal of applied physiology,Other research,10.1007/s00421-025-06027-2,Cold-Water Immersion,https://pubmed.ncbi.nlm.nih.gov/41128912/
41108777,Multimodal physiotherapeutic management of postoperative complications in orthognathic surgery: A literature review and institutional protocol proposal.,2026,"Medicina oral, patologia oral y cirugia bucal",Other research,10.4317/medoral.27687,Exercise Recovery,https://pubmed.ncbi.nlm.nih.gov/41108777/
41107609,Lights-on for Cardiovascular Disease: Can Red and Near Infrared Light Treatment Help the Recovery Process?,2026,Annals of biomedical engineering,Other research,10.1007/s10439-025-03884-y,Exercise Recovery,https://pubmed.ncbi.nlm.nih.gov/41107609/
41084402,Severe Cutaneous Alternaria Infection Secondary to Cooling Measures in Pediatric Erythromelalgia.,2026,Pediatric dermatology,Other research,10.1111/pde.70023,Cold-Water Immersion,https://pubmed.ncbi.nlm.nih.gov/41084402/
41062078,Red Light Therapy in Thrombosis and Hemostasis.,2026,Seminars in thrombosis and hemostasis,Other research,10.1055/a-2717-5157,Infrared Sauna,https://pubmed.ncbi.nlm.nih.gov/41062078/
41045792,Using ice packing and the polar life pod to treat severe hyperthermia.,2026,The American journal of emergency medicine,Other research,10.1016/j.ajem.2025.09.038,Cold-Water Immersion,https://pubmed.ncbi.nlm.nih.gov/41045792/
40995827,The Effect of Photobiomodulation Therapy on Muscle Performance in Volleyball and Football Players: A Meta-Analysis of Randomized Controlled Trials.,2026,Sports health,Systematic review / meta-analysis,10.1177/19417381251372977,Exercise Recovery,https://pubmed.ncbi.nlm.nih.gov/40995827/
40991898,Effect of Exercise Intensity on Active Rewarming From Outdoor Cold-Water Immersion.,2026,Military medicine,Randomized controlled trial,10.1093/milmed/usaf438,Cold-Water Immersion,https://pubmed.ncbi.nlm.nih.gov/40991898/
40991404,Efficacy and Safety of Some Nonpharmacological Interventions for Pain Relief During Childbirth: A Network and Meta-Analysis.,2026,Journal of integrative and complementary medicine,Systematic review / meta-analysis,10.1177/27683605251371104,Sauna & Heat Therapy,https://pubmed.ncbi.nlm.nih.gov/40991404/
40990619,Immediate Load Carriage Improves Core Temperature but Not Skin Temperatures When Wearing Wet Clothing in Mild Cold Air.,2026,Wilderness & environmental medicine,Other research,10.1177/10806032251376323,Cold-Water Immersion,https://pubmed.ncbi.nlm.nih.gov/40990619/
40971262,Self-Administered Yoga Facial Massage with Breathing Regulation to Improve Heart Rate Variability in Individuals with Computer Vision Syndrome: A Randomized Controlled Trial.,2026,Journal of integrative and complementary medicine,Randomized controlled trial,10.1177/27683605251379352,Massage Therapy,https://pubmed.ncbi.nlm.nih.gov/40971262/
40956026,Patient Journeys: A Qualitative Assessment Exploring Patient Availability and Interest in Whole Health Services.,2026,Journal of patient safety,Other research,10.1097/PTS.0000000000001416,Massage Therapy,https://pubmed.ncbi.nlm.nih.gov/40956026/
40938317,"Effects of Thermal Blanket on Patients' Vital Signs, Shivering Level, Chill Status, and Thermal Comfort Perception in the Preoperative and Postoperative Periods.",2026,Therapeutic hypothermia and temperature management,Randomized controlled trial,10.1177/21537658251371364,Sauna & Heat Therapy,https://pubmed.ncbi.nlm.nih.gov/40938317/
40908408,"Maintenance of core temperature in SCUBA divers in cold water: contributions of anthropometrics, suit type, and sex.",2026,European journal of applied physiology,Other research,10.1007/s00421-025-05961-5,Cold-Water Immersion,https://pubmed.ncbi.nlm.nih.gov/40908408/
40879771,Japanese steam sand bath heat therapy mediates comparable reductions in blood pressure with smaller discomfort and respiratory strains than hot water immersion and sauna.,2026,European journal of applied physiology,Randomized controlled trial,10.1007/s00421-025-05942-8,Exercise Recovery|Sauna & Heat Therapy,https://pubmed.ncbi.nlm.nih.gov/40879771/
40875586,Therapist delivered massage for Veterans with chronic neck pain: a randomized control trial.,2026,"Pain medicine (Malden, Mass.)",Randomized controlled trial,10.1093/pm/pnaf118,Massage Therapy,https://pubmed.ncbi.nlm.nih.gov/40875586/
40856087,Diagnosis and management of traumatic injuries in pediatric patients secondary to dental local anesthesia: A systematic review.,2026,Advances in clinical and experimental medicine : official organ Wroclaw Medical University,Systematic review / meta-analysis,10.17219/acem/204391,Exercise Recovery,https://pubmed.ncbi.nlm.nih.gov/40856087/
40793352,Thermogenesis dynamics and influenza A virus: unveiling the intriguing interplay.,2026,Critical reviews in microbiology,Other research,10.1080/1040841X.2025.2545217,Cold-Water Immersion,https://pubmed.ncbi.nlm.nih.gov/40793352/
40580191,Muscle oxygenation regulation in physical therapy and rehabilitation.,2026,Medical gas research,Other research,10.4103/mgr.MEDGASRES-D-24-00149,Contrast Therapy,https://pubmed.ncbi.nlm.nih.gov/40580191/
40419419,Far-infrared therapy improves cardiovascular and infectious outcomes in peritoneal dialysis patients.,2026,Journal of the Formosan Medical Association = Taiwan yi zhi,Observational research,10.1016/j.jfma.2025.05.028,Infrared Sauna,https://pubmed.ncbi.nlm.nih.gov/40419419/
40388203,Three-Month Interim Analyses of Repeated Low-Level Red-Light Therapy in Myopia Control in Schoolchildren: A Pilot Multi-Ethnic Randomized Controlled Trial.,2026,Ophthalmic epidemiology,Randomized controlled trial,10.1080/09286586.2025.2500020,Photobiomodulation / Red Light,https://pubmed.ncbi.nlm.nih.gov/40388203/
40349314,Heat to hypoxia cross-adaptation: Effects of 6-week post-exercise hot-water immersion on exercise performance in acute hypoxia.,2026,Experimental physiology,Other research,10.1113/EP092726,Sauna & Heat Therapy,https://pubmed.ncbi.nlm.nih.gov/40349314/
40298898,"Exertional Heat Stroke at the Vermont City Marathon, 2012 to 2023: High Incidence Despite Spring Season in the Northern United States.",2026,Clinical journal of sport medicine : official journal of the Canadian Academy of Sport Medicine,Other research,10.1097/JSM.0000000000001367,Cold-Water Immersion,https://pubmed.ncbi.nlm.nih.gov/40298898/
40247470,Approaches to improve 12-month circuit primary patency and target lesion primary patency in arteriovenous fistulae: An umbrella review of systematic reviews and meta-analyses.,2026,The journal of vascular access,Systematic review / meta-analysis,10.1177/11297298251332043,Infrared Sauna,https://pubmed.ncbi.nlm.nih.gov/40247470/
39828936,The Holistic Effect of Complementary Interventions in Reducing Stress in College Students.,2026,Journal of holistic nursing : official journal of the American Holistic Nurses' Association,Other research,10.1177/08980101241312288,Massage Therapy,https://pubmed.ncbi.nlm.nih.gov/39828936/
39414259,Physiological monitoring of movement and manoeuvrability during a military skiing exercise.,2026,BMJ military health,Other research,10.1136/military-2024-002842,Cold-Water Immersion,https://pubmed.ncbi.nlm.nih.gov/39414259/
39033377,Effect of Using Photobiomodulation (660 Nanometers) for the Treatment of Diabetic Ulcers: Protocol for a Randomized Controlled Trial.,2026,The international journal of lower extremity wounds,Randomized controlled trial,10.1177/15347346241266732,Photobiomodulation / Red Light,https://pubmed.ncbi.nlm.nih.gov/39033377/
41784233,"Influence of heat therapy and/or vibration on nonspecific back pain: A prospective, open, randomized, controlled, parallel-group clinical study.",2025,La Tunisie medicale,Randomized controlled trial,10.62438/tunismed.v103i6.5743,Sauna & Heat Therapy,https://pubmed.ncbi.nlm.nih.gov/41784233/
41620858,Effectiveness of an educational program on nurses' knowledge toward massage therapy of infant with colic pain.,2025,"Wiadomosci lekarskie (Warsaw, Poland : 1960)",Other research,10.36740/WLek/214630,Massage Therapy,https://pubmed.ncbi.nlm.nih.gov/41620858/
41602010,Cold climate and obesity in China: a cross-sectional ecological analysis.,2025,Frontiers in public health,Other research,10.3389/fpubh.2025.1722366,Cold-Water Immersion,https://pubmed.ncbi.nlm.nih.gov/41602010/
41585325,Automated thermo-mechanical therapy for immediate relief in chronic non-specific lower back pain: a randomized controlled trial.,2025,Frontiers in neuroergonomics,Controlled / clinical trial,10.3389/fnrgo.2025.1674928,Infrared Sauna,https://pubmed.ncbi.nlm.nih.gov/41585325/
41466979,Cryotherapy and thermotherapy in the management of osteoarthritis and rheumatoid arthritis: A comprehensive review.,2025,Fundamental research,Other research,10.1016/j.fmre.2024.07.008,Contrast Therapy,https://pubmed.ncbi.nlm.nih.gov/41466979/
41466382,From light to healing: photobiomodulation therapy in medical disciplines.,2025,Journal of translational medicine,Other research,10.1186/s12967-025-07466-3,Exercise Recovery,https://pubmed.ncbi.nlm.nih.gov/41466382/
41461792,Acute Finnish sauna heating and cold water immersion effects on cardiovascular dynamic response in normotensive women.,2025,Scientific reports,Other research,10.1038/s41598-025-29035-w,Sauna & Heat Therapy,https://pubmed.ncbi.nlm.nih.gov/41461792/
41452289,"Hot- and Cold-Water Immersion Do Not Alter Performance or Perceived Fatigability but Improve Muscle Activation, Cardiac Vagal Modulation, and Cardiorespiratory Recovery After Distinct Running Protocols.",2025,Scandinavian journal of medicine & science in sports,Randomized controlled trial,10.1111/sms.70191,Exercise Recovery,https://pubmed.ncbi.nlm.nih.gov/41452289/
41426898,"The Role of Sauna Bathing in Ischemic Heart Disease: A Narrative Review of Therapeutic Potential, Physiological Mechanisms, and Emerging Clinical Applications.",2025,Cureus,Other research,10.7759/cureus.98162,Infrared Sauna,https://pubmed.ncbi.nlm.nih.gov/41426898/
41423539,The effects of intravenous laser irradiation of blood with red and blue light on stroke risk biomarkers and neurological function: a double blind randomized controlled trial.,2025,Lasers in medical science,Randomized controlled trial,10.1007/s10103-025-04782-4,Exercise Recovery,https://pubmed.ncbi.nlm.nih.gov/41423539/
41413811,"Trends of sexual behaviors and related factors in high-risk MSM from 2010 to 2023: a repeated cross-sectional study in Zhejiang, China.",2025,BMC public health,Other research,10.1186/s12889-025-25517-8,Sauna & Heat Therapy,https://pubmed.ncbi.nlm.nih.gov/41413811/
41406161,Far-infrared irradiation attenuates vessel contraction by activating SERCA2 through disruption of SERCA2 and PLN interaction.,2025,PloS one,Other research,10.1371/journal.pone.0339066,Infrared Sauna,https://pubmed.ncbi.nlm.nih.gov/41406161/
41398124,Therapeutic mechanisms and applications of 808 nm laser irradiation: from wound healing to neurological recovery - a review.,2025,Lasers in medical science,Other research,10.1007/s10103-025-04785-1,Exercise Recovery,https://pubmed.ncbi.nlm.nih.gov/41398124/
41381954,Physiological action of Photobiomodulation using 650 nm diode laser for treating frozen shoulder: a comprehensive review.,2025,Lasers in medical science,Other research,10.1007/s10103-025-04678-3,Exercise Recovery,https://pubmed.ncbi.nlm.nih.gov/41381954/
41373696,Traditional Health Practices May Promote Nrf2 Activation Similar to Exercise.,2025,International journal of molecular sciences,Other research,10.3390/ijms262311546,Sauna & Heat Therapy,https://pubmed.ncbi.nlm.nih.gov/41373696/
41366862,Effect of increased venous blood flow with acute passive heating on volume and compliance in the calf vein in young adults.,2025,Physiological reports,Other research,10.14814/phy2.70700,Sauna & Heat Therapy,https://pubmed.ncbi.nlm.nih.gov/41366862/
41343762,A Primary Care Program Based on Behavioral Reeducation and Abdominal Massage for Improving the Symptoms of Chronic Constipation: Protocol for a Randomized Controlled Trial.,2025,JMIR research protocols,Other research,10.2196/72018,Massage Therapy,https://pubmed.ncbi.nlm.nih.gov/41343762/
41340471,Women's perceptions of sauna bathing and its impact on health and well-being: insights from a cross-sectional study.,2025,International journal of circumpolar health,Other research,10.1080/22423982.2025.2595806,Sauna & Heat Therapy|Sleep & Passive Heating,https://pubmed.ncbi.nlm.nih.gov/41340471/
41327986,Abdominal massage as an adjunctive therapy for pediatric functional constipation: a randomized controlled trial.,2025,The Turkish journal of pediatrics,Randomized controlled trial,10.24953/turkjpediatr.2025.6367,Massage Therapy,https://pubmed.ncbi.nlm.nih.gov/41327986/
41327123,Longitudinal changes in sleep quality in male patients with alcohol dependence receiving far-infrared ray therapy: associations with alterations in circulating pro-inflammatory cytokines.,2025,BMC psychiatry,Randomized controlled trial,10.1186/s12888-025-07677-4,Infrared Sauna,https://pubmed.ncbi.nlm.nih.gov/41327123/
41320841,Reliability of achieving target dehydration levels using a portable infrared sauna protocol in healthy young adults.,2025,Journal of the International Society of Sports Nutrition,Other research,10.1080/15502783.2025.2586598,Exercise Recovery|Infrared Sauna|Sauna & Heat Therapy,https://pubmed.ncbi.nlm.nih.gov/41320841/
41316566,Examining the evidence implementation environment of the massage therapy profession in Australia: A cross-sectional study.,2025,Journal of bodywork and movement therapies,Other research,10.1016/j.jbmt.2025.08.010,Massage Therapy,https://pubmed.ncbi.nlm.nih.gov/41316566/
41291123,Efficacy of photobiomodulation therapy in managing iatrogenic trigeminal nerve injury: A retrospective case series.,2025,Lasers in medical science,Other research,10.1007/s10103-025-04709-z,Exercise Recovery,https://pubmed.ncbi.nlm.nih.gov/41291123/
41252835,Acute Low Back Pain: Diagnosis and Management.,2025,American family physician,Other research,,Sauna & Heat Therapy,https://pubmed.ncbi.nlm.nih.gov/41252835/
41252773,Cold-water recovery between bouts of simulated rugby sevens matches in the heat.,2025,Journal of thermal biology,Randomized controlled trial,10.1016/j.jtherbio.2025.104333,Exercise Recovery,https://pubmed.ncbi.nlm.nih.gov/41252773/
41233171,Swedish massage for shoulder function and postmastectomy pain syndrome: randomised controlled trial.,2025,BMJ supportive & palliative care,Randomized controlled trial,10.1136/spcare-2025-005760,Massage Therapy,https://pubmed.ncbi.nlm.nih.gov/41233171/
41225527,Efficacy of non-pharmacological interventions for childhood asthma: a systematic review and network meta-analysis.,2025,BMC pediatrics,Systematic review / meta-analysis,10.1186/s12887-025-06115-4,Massage Therapy,https://pubmed.ncbi.nlm.nih.gov/41225527/
41222518,Single Application of Low-Level or Infrared Laser Therapy Not Effective in the Short Term for Neck Pain: A Randomized Controlled Clinical Trial.,2025,Journal of manipulative and physiological therapeutics,Randomized controlled trial,10.1016/j.jmpt.2025.10.015,Infrared Sauna,https://pubmed.ncbi.nlm.nih.gov/41222518/
41185024,Effect of cold water immersion on balance and postural control in young healthy individuals: a systematic review.,2025,Journal of orthopaedic surgery and research,Systematic review / meta-analysis,10.1186/s13018-025-06398-4,Exercise Recovery,https://pubmed.ncbi.nlm.nih.gov/41185024/
41180081,Pain Reduction Following Massage After Induced Fatigue Is Not Mediated by Changes in Muscle Stiffness or Intramuscular Fluid Content: A Randomized Controlled Trial With Mediation Analysis.,2025,Journal of athletic training,Randomized controlled trial,10.4085/1062-6050-0074.25,Massage Therapy,https://pubmed.ncbi.nlm.nih.gov/41180081/
41171178,"Acute vascular function responses predict chronic vascular function changes to heating and exercise interventions in young, healthy recreationally active adults.",2025,American journal of physiology. Heart and circulatory physiology,Randomized controlled trial,10.1152/ajpheart.00721.2025,Sauna & Heat Therapy,https://pubmed.ncbi.nlm.nih.gov/41171178/
41150478,Post-Exercise Recovery Modalities in Male and Female Soccer Players of All Ages and Competitive Levels: A Systematic Review.,2025,"Sports (Basel, Switzerland)",Other research,10.3390/sports13100343,Contrast Therapy,https://pubmed.ncbi.nlm.nih.gov/41150478/
41146956,A Randomized Trial Testing a Novel Mind and Body Intervention for Depression: Cognitive Behavioral Therapy (CBT) and Whole-Body Hyperthermia (WBH).,2025,Global advances in integrative medicine and health,Other research,10.1177/27536130251387714,Infrared Sauna,https://pubmed.ncbi.nlm.nih.gov/41146956/
41135797,Effects of yoga facial massage on computer vision syndrome and ocular motor function: A randomised controlled trial.,2025,Complementary therapies in medicine,Randomized controlled trial,10.1016/j.ctim.2025.103270,Massage Therapy,https://pubmed.ncbi.nlm.nih.gov/41135797/
41120606,Frequency of complementary medicine use and attitudes among Iranian patients with chronic diseases.,2025,Scientific reports,Other research,10.1038/s41598-025-21429-0,Massage Therapy,https://pubmed.ncbi.nlm.nih.gov/41120606/
41072138,"Exogenous heating induces a more pronounced rise in prolactin concentration than exertional heating in young men, despite a closely matched body core temperature increase.",2025,Journal of thermal biology,Other research,10.1016/j.jtherbio.2025.104290,Sauna & Heat Therapy,https://pubmed.ncbi.nlm.nih.gov/41072138/
41067675,Photobiomodulation in stroke prevention and treatment: neuroprotective mechanisms and therapeutic challenges.,2025,Brain research,Other research,10.1016/j.brainres.2025.149981,Exercise Recovery,https://pubmed.ncbi.nlm.nih.gov/41067675/
41061999,Effectiveness of massage therapy for constipation in children with cerebral palsy: A systematic review and meta-analysis.,2025,Complementary therapies in medicine,Systematic review / meta-analysis,10.1016/j.ctim.2025.103254,Massage Therapy,https://pubmed.ncbi.nlm.nih.gov/41061999/
41061498,The impact of heated garments on substitute performance in soccer match-play.,2025,Journal of thermal biology,Other research,10.1016/j.jtherbio.2025.104288,Sauna & Heat Therapy,https://pubmed.ncbi.nlm.nih.gov/41061498/
41056838,Effect of the BFR-7211 on lower limb muscle strength in older adults: A randomized controlled trial.,2025,"The journal of nutrition, health & aging",Randomized controlled trial,10.1016/j.jnha.2025.100692,Massage Therapy,https://pubmed.ncbi.nlm.nih.gov/41056838/
41046169,Methodological considerations on the interpretation of far-infrared therapy findings.,2025,Journal of the Formosan Medical Association = Taiwan yi zhi,Other research,10.1016/j.jfma.2025.09.042,Infrared Sauna,https://pubmed.ncbi.nlm.nih.gov/41046169/
41039333,Efficacy of photobiomodulation therapy using 980 nm versus 635 nm diode lasers for treatment of myofascial pain : a randomized controlled trial.,2025,BMC oral health,Randomized controlled trial,10.1186/s12903-025-06971-7,Exercise Recovery,https://pubmed.ncbi.nlm.nih.gov/41039333/
41027767,Methodological considerations on the interpretation of far-infrared therapy findings.,2025,Journal of the Formosan Medical Association = Taiwan yi zhi,Other research,10.1016/j.jfma.2025.09.028,Infrared Sauna,https://pubmed.ncbi.nlm.nih.gov/41027767/
40998066,Far infrared therapy improves vascular function by enhancing endothelial function and decreasing arterial stiffness via cytoprotective pathways.,2025,Free radical biology & medicine,Other research,10.1016/j.freeradbiomed.2025.09.039,Infrared Sauna,https://pubmed.ncbi.nlm.nih.gov/40998066/
40988406,"Effects of Massage Therapy on Anxiety, Depression, Stress, Pain, Quality of Life, and Immune Aspects in People Living With HIV: A Systematic Review and Meta-analysis.",2025,The Journal of the Association of Nurses in AIDS Care : JANAC,Systematic review / meta-analysis,10.1097/JNC.0000000000000587,Massage Therapy,https://pubmed.ncbi.nlm.nih.gov/40988406/
40983804,"Isolated and Combined Effects of Cold, Heat and Hypoxia Therapies on Muscle Recovery Following Exercise-Induced Muscle Damage.",2025,"Sports medicine (Auckland, N.Z.)",Other research,10.1007/s40279-025-02300-8,Contrast Therapy|Sauna & Heat Therapy,https://pubmed.ncbi.nlm.nih.gov/40983804/
40974420,Evaluation of the effect of laser irradiation with a wavelength of 445 nm on microcirculation and oxidative metabolism of gingiva according to laser doppler flowmetry.,2025,Lasers in medical science,Other research,10.1007/s10103-025-04650-1,Exercise Recovery,https://pubmed.ncbi.nlm.nih.gov/40974420/
40958329,Acupuncture and massage therapy enhance postoperative recovery and quality of life in orthopedic patients.,2025,Medicine,Other research,10.1097/MD.0000000000044314,Massage Therapy,https://pubmed.ncbi.nlm.nih.gov/40958329/
40957582,"Hot-Water Immersion Enhances Vertical-Jump Performance, Lower-Limb Power, and Stretch-Shortening Cycle.",2025,International journal of sports physiology and performance,Randomized controlled trial,10.1123/ijspp.2025-0197,Sauna & Heat Therapy,https://pubmed.ncbi.nlm.nih.gov/40957582/
40954632,"Effects of photobiomodulation, intermittent pneumatic compression and neuromuscular electrical stimulation on muscle recovery: Systematic review with meta-analysis.",2025,Journal of bodywork and movement therapies,Systematic review / meta-analysis,10.1016/j.jbmt.2025.06.021,Exercise Recovery,https://pubmed.ncbi.nlm.nih.gov/40954632/
40945412,The practitioner research and collaboration Initiative (PRACI): Updated characteristics of the world's largest complementary medicine practice-based research network.,2025,Complementary therapies in clinical practice,Other research,10.1016/j.ctcp.2025.102021,Massage Therapy,https://pubmed.ncbi.nlm.nih.gov/40945412/
40945035,Integrative medicine consults in a pediatric hospital: A case series.,2025,"Explore (New York, N.Y.)",Other research,10.1016/j.explore.2025.103259,Massage Therapy,https://pubmed.ncbi.nlm.nih.gov/40945035/
40937941,[A study on nutrition habits and weight loss practice methods in wrestlers].,2025,Voprosy pitaniia,Other research,10.33029/0042-8833-2025-94-3-111-119,Sauna & Heat Therapy,https://pubmed.ncbi.nlm.nih.gov/40937941/
40930837,Systemic cardiovascular and carotid baroreflex support of arterial pressure during recovery from passive heat stress in young and older adults.,2025,Physiological reports,Other research,10.14814/phy2.70554,Sauna & Heat Therapy,https://pubmed.ncbi.nlm.nih.gov/40930837/
40926789,Salivary cortisol response to post-exercise infrared sauna declines over time.,2025,"Temperature (Austin, Tex.)",Other research,10.1080/23328940.2025.2493460,Infrared Sauna,https://pubmed.ncbi.nlm.nih.gov/40926789/
40914321,Hot spring and sauna use for improving blood lipid profiles: A systematic review and expert consensus on efficacy and recommendations.,2025,Complementary therapies in medicine,Systematic review / meta-analysis,10.1016/j.ctim.2025.103241,Sauna & Heat Therapy,https://pubmed.ncbi.nlm.nih.gov/40914321/
40912752,Non-Pharmacologic Management Strategies to Manage Sleep Dysfunction in Parkinson's Disease.,2025,Sleep medicine clinics,Other research,10.1016/j.jsmc.2025.06.005,Massage Therapy,https://pubmed.ncbi.nlm.nih.gov/40912752/
40912346,Touch facilitates newborns' self-regulation: Systematic review of multidimensional arousal outcomes.,2025,Neuroscience and biobehavioral reviews,Systematic review / meta-analysis,10.1016/j.neubiorev.2025.106353,Massage Therapy,https://pubmed.ncbi.nlm.nih.gov/40912346/
40889277,Provocative testing in community dwelling older adults: a path to identify physical resilience.,2025,"The journals of gerontology. Series A, Biological sciences and medical sciences",Other research,10.1093/gerona/glaf186,Exercise Recovery,https://pubmed.ncbi.nlm.nih.gov/40889277/
40889196,Percussion Massage Therapy Reduced EMG Activity During Standing Heel Raise.,2025,Journal of musculoskeletal & neuronal interactions,Randomized controlled trial,10.22540/JMNI-25-307,Massage Therapy,https://pubmed.ncbi.nlm.nih.gov/40889196/
40886005,Instrument-assisted soft tissue mobilization and percussion massage therapy in cervical disc herniation: a randomized controlled study.,2025,Journal of orthopaedic surgery and research,Randomized controlled trial,10.1186/s13018-025-06238-5,Massage Therapy,https://pubmed.ncbi.nlm.nih.gov/40886005/
40885699,Far infrared therapy improves the vascular function of lower extremities in hemodialysis patients.,2025,Journal of the Formosan Medical Association = Taiwan yi zhi,Other research,10.1016/j.jfma.2025.08.033,Infrared Sauna,https://pubmed.ncbi.nlm.nih.gov/40885699/
40878827,Detyrosinated α-tubulin mediates mitochondrial dysfunction and diastolic impairment in heart failure with preserved ejection fraction.,2025,FEBS letters,Other research,10.1002/1873-3468.70119,Sauna & Heat Therapy,https://pubmed.ncbi.nlm.nih.gov/40878827/
40874570,Contrast Therapy Promoting Skin Scald Repair.,2025,Journal of burn care & research : official publication of the American Burn Association,Other research,10.1093/jbcr/iraf161,Contrast Therapy,https://pubmed.ncbi.nlm.nih.gov/40874570/
40839603,Non-surgical treatments for post-burn scars: A network meta-analysis.,2025,PloS one,Other research,10.1371/journal.pone.0330428,Massage Therapy,https://pubmed.ncbi.nlm.nih.gov/40839603/
40832012,"Treating major depressive disorder with an integrated mind-body intervention: Whole-body hyperthermia and cognitive behavioral therapy, a case report.",2025,Advances in integrative medicine,Other research,10.1016/j.aimed.2024.08.018,Infrared Sauna,https://pubmed.ncbi.nlm.nih.gov/40832012/
40819556,Case reports of acupuncturists and massage therapists at Mayo Clinic: New allies in expediting patient diagnoses.,2025,"Explore (New York, N.Y.)",Other research,10.1016/j.explore.2025.103237,Massage Therapy,https://pubmed.ncbi.nlm.nih.gov/40819556/
40811728,Limited efficacy of cold and heat therapy as adjunctive treatments for local and functional outcomes of Bothrops atrox snakebite envenomation: A randomized clinical trial.,2025,PLoS neglected tropical diseases,Randomized controlled trial,10.1371/journal.pntd.0013423,Sauna & Heat Therapy,https://pubmed.ncbi.nlm.nih.gov/40811728/
40802667,Effectiveness of cold-water immersion vs. massage in reducing delayed-onset muscle soreness and enhancing recovery following CrossFit® Murph Workout: Randomized rial.,2025,PloS one,Randomized controlled trial,10.1371/journal.pone.0329892,Exercise Recovery|Massage Therapy,https://pubmed.ncbi.nlm.nih.gov/40802667/
40786809,Is Stretching exercises Superior to Steroids for Sustained Relief in Plantar Fasciitis? Evidence from a Prospective Study.,2025,Journal of orthopaedic case reports,Other research,10.13107/jocr.2025.v15.i08.5982,Contrast Therapy,https://pubmed.ncbi.nlm.nih.gov/40786809/
40782828,Retraction. Effects of Far-Infrared Radiation-Lamp Therapy on Recovery From Simulated Soccer Match Running Activities in Elite Soccer Players.,2025,International journal of sports physiology and performance,Other research,10.1123/ijspp.2025-0377,Infrared Sauna,https://pubmed.ncbi.nlm.nih.gov/40782828/
40780641,"Long-term symptom recurrence and functional outcomes with Chinese ointment massage, Tuina, and combined acupuncture for knee osteoarthritis: A 24-month multicenter real-world study in China.",2025,Complementary therapies in medicine,Observational research,10.1016/j.ctim.2025.103220,Massage Therapy,https://pubmed.ncbi.nlm.nih.gov/40780641/
40773601,Analysis of Therapeutic Interventions for Hypertrophic and Keloid Scarring: A Systematic Review.,2025,Journal of drugs in dermatology : JDD,Systematic review / meta-analysis,10.36849/JDD.8895,Massage Therapy,https://pubmed.ncbi.nlm.nih.gov/40773601/
40769283,"Heat and acupuncture restore mobility in knee osteoarthritis (HARMOKnee): A pragmatic integrated care, randomized controlled study.",2025,Complementary therapies in medicine,Randomized controlled trial,10.1016/j.ctim.2025.103223,Sauna & Heat Therapy,https://pubmed.ncbi.nlm.nih.gov/40769283/
40759459,Evaluation of 980 nm Diode Laser Therapy in Acute Pericoronitis: A Retrospective Case Series.,2025,"Photobiomodulation, photomedicine, and laser surgery",Other research,10.1177/15578550251364121,Exercise Recovery,https://pubmed.ncbi.nlm.nih.gov/40759459/
40748694,"Feasibility of unsupervised, home-based leg heat therapy in older adults: a pilot, sham-controlled trial.",2025,"Journal of applied physiology (Bethesda, Md. : 1985)",Randomized controlled trial,10.1152/japplphysiol.00285.2025,Sauna & Heat Therapy,https://pubmed.ncbi.nlm.nih.gov/40748694/
40738874,The meaning of cold bathing in middle aged and elderly people in Sweden - a phenomenological hermeneutic study.,2025,International journal of circumpolar health,Other research,10.1080/22423982.2025.2540670,Exercise Recovery,https://pubmed.ncbi.nlm.nih.gov/40738874/
40728571,Turning up the heat on skeletal muscle adaptations and neuromuscular function: key considerations for passive heating prescription and best practices.,2025,European journal of applied physiology,Other research,10.1007/s00421-025-05917-9,Sauna & Heat Therapy,https://pubmed.ncbi.nlm.nih.gov/40728571/
40719540,"Post-exercise hot water immersion enhances haemodynamic and vascular benefits of exercise without further improving cardiorespiratory fitness, glucose, lipids or inflammation.",2025,The Journal of physiology,Randomized controlled trial,10.1113/JP288873,Sauna & Heat Therapy,https://pubmed.ncbi.nlm.nih.gov/40719540/
40719437,Durability of the TearCare treatment effect in subjects with dry eye disease: Stage 3 of the Sahara randomized controlled trial.,2025,Optometry and vision science : official publication of the American Academy of Optometry,Randomized controlled trial,10.1097/OPX.0000000000002278,Sauna & Heat Therapy,https://pubmed.ncbi.nlm.nih.gov/40719437/
40695320,A micro-to-macroscale and multi-method investigation of human sweating dynamics.,2025,"Journal of the Royal Society, Interface",Other research,10.1098/rsif.2025.0407,Sauna & Heat Therapy,https://pubmed.ncbi.nlm.nih.gov/40695320/
40680911,Effects of photobiomodulation with 940 Nm diode laser on post-rhinoplasty nasal tip swelling: A randomized controlled trial.,2025,Photodiagnosis and photodynamic therapy,Randomized controlled trial,10.1016/j.pdpdt.2025.104723,Exercise Recovery,https://pubmed.ncbi.nlm.nih.gov/40680911/
40676220,Rheumatoid hand massage therapy to mitigate sarcopenia and improve patients' quality of life: a hypothesis.,2025,Rheumatology international,Other research,10.1007/s00296-025-05927-y,Massage Therapy,https://pubmed.ncbi.nlm.nih.gov/40676220/
40674654,Repeated Heat Stress Modulates the Levels of the Mitokines MOTS-C and FGF21 in Active Men during Calf Muscle Immobilization.,2025,Medicine and science in sports and exercise,Randomized controlled trial,10.1249/MSS.0000000000003825,Sauna & Heat Therapy,https://pubmed.ncbi.nlm.nih.gov/40674654/
40642890,"The role of complementary medicine in the holistic, patient-centered recovery from anorexia nervosa - a narrative review.",2025,Journal of complementary & integrative medicine,Other research,10.1515/jcim-2025-0170,Massage Therapy,https://pubmed.ncbi.nlm.nih.gov/40642890/
40619581,Strain-Sensitive Thermochromic Smart Electronic Skin for Joint and Spine Healthcare Applications.,2025,"Advanced science (Weinheim, Baden-Wurttemberg, Germany)",Other research,10.1002/advs.202507605,Sauna & Heat Therapy,https://pubmed.ncbi.nlm.nih.gov/40619581/
40615151,Somatostatin analogue continuation upon progression in patients with gastroenteropancreatic neuroendocrine tumour (SAUNA trial): a randomised controlled trial protocol.,2025,BMJ open,Other research,10.1136/bmjopen-2025-099996,Sauna & Heat Therapy,https://pubmed.ncbi.nlm.nih.gov/40615151/
40611569,Regular postexercise sauna bathing does not improve heart rate variability: A multi-arm randomized controlled trial.,2025,Physiological reports,Randomized controlled trial,10.14814/phy2.70449,Sauna & Heat Therapy,https://pubmed.ncbi.nlm.nih.gov/40611569/
40611079,A systematic review of flotation-restricted environmental stimulation therapy (REST).,2025,BMC complementary medicine and therapies,Systematic review / meta-analysis,10.1186/s12906-025-04973-0,Floatation Therapy,https://pubmed.ncbi.nlm.nih.gov/40611079/
40560403,Physical activity of older patients with rheumatoid arthritis.,2025,Rheumatology international,Other research,10.1007/s00296-025-05901-8,Sauna & Heat Therapy,https://pubmed.ncbi.nlm.nih.gov/40560403/
40550024,Usefulness of digital infrared thermography video using FLIR T560 in detecting hypothermia associated with complex regional pain syndrome type I: A CARE-compliant case report.,2025,Medicine,Other research,10.1097/MD.0000000000041876,Contrast Therapy,https://pubmed.ncbi.nlm.nih.gov/40550024/
40543235,Effects of acute heat exposure on monocyte phenotype following exhaustive exercise: An ex vivo study.,2025,Cytokine,Other research,10.1016/j.cyto.2025.156982,Sauna & Heat Therapy,https://pubmed.ncbi.nlm.nih.gov/40543235/
40540823,Were unmet rehabilitation needs associated with health deterioration during COVID-19? A cross-sectional study of Canadians with disabilities.,2025,Annals of physical and rehabilitation medicine,Other research,10.1016/j.rehab.2025.101995,Massage Therapy,https://pubmed.ncbi.nlm.nih.gov/40540823/
40522371,Photobiomodulation in the management of persistent olfactory and gustatory dysfunction post-COVID-19: a systematic review.,2025,Lasers in medical science,Systematic review / meta-analysis,10.1007/s10103-025-04534-4,Exercise Recovery,https://pubmed.ncbi.nlm.nih.gov/40522371/
40511570,"Chronic radiation dermatitis in breast cancer patients: pathophysiology, prevention and management strategies, and clinical impact.",2025,Annals of palliative medicine,Other research,10.21037/apm-24-158,Massage Therapy,https://pubmed.ncbi.nlm.nih.gov/40511570/
40511315,A controlled clinical trial of leg thermal therapy in conjunction with standard cardiac rehabilitation in patients with decompensated heart failure.,2025,Journal of physical therapy science,Other research,10.1589/jpts.37.262,Infrared Sauna,https://pubmed.ncbi.nlm.nih.gov/40511315/
40507946,Therapeutic Potential of Infrared and Related Light Therapies in Metabolic Diseases.,2025,International journal of molecular sciences,Other research,10.3390/ijms26115134,Infrared Sauna,https://pubmed.ncbi.nlm.nih.gov/40507946/
40500533,Toward isolating perceptual and physiological contributors to heat sensitivity in multiple sclerosis: insights from a new experimental model.,2025,European journal of applied physiology,Other research,10.1007/s00421-025-05838-7,Sauna & Heat Therapy,https://pubmed.ncbi.nlm.nih.gov/40500533/
40488684,Effectiveness of Slow-stroke Back and Hot Stone Massage Therapy on Postoperative Anxiety Management in Orthopedic Patients: A Randomized Clinical Trial Study.,2025,Journal of perianesthesia nursing : official journal of the American Society of PeriAnesthesia Nurses,Randomized controlled trial,10.1016/j.jopan.2025.01.025,Massage Therapy,https://pubmed.ncbi.nlm.nih.gov/40488684/
40485299,"Transcranial Photobiomodulation Improves Cognitive Function, Post-Concussion, and PTSD Symptoms in Mild Traumatic Brain Injury.",2025,Journal of neurotrauma,Randomized controlled trial,10.1089/neu.2025.0048,Exercise Recovery,https://pubmed.ncbi.nlm.nih.gov/40485299/
40483773,Passive thigh heating improves isokinetic but not isotonic muscle function.,2025,Journal of thermal biology,Other research,10.1016/j.jtherbio.2025.104156,Sauna & Heat Therapy,https://pubmed.ncbi.nlm.nih.gov/40483773/
40466631,A Current Assessment of the Use of Complementary Medicine in German Cancer Patients: The CONKO 022 Investigation.,2025,Oncology research and treatment,Other research,10.1159/000546767,Massage Therapy,https://pubmed.ncbi.nlm.nih.gov/40466631/
40465937,"Effect of heat therapy compared with strength training on metabolic profile, heat shock response, inflammation, cardiovascular responses and microbiota in individuals with type 2 diabetes: study protocol of a randomized trial.",2025,Sao Paulo medical journal = Revista paulista de medicina,Other research,10.1590/1516-3180-2024.0040.R1.13082024,Sauna & Heat Therapy,https://pubmed.ncbi.nlm.nih.gov/40465937/
40437768,Muscle regeneration is improved by hot water immersion but unchanged by cold following a simulated musculoskeletal injury in humans.,2025,The Journal of physiology,Other research,10.1113/JP287777,Exercise Recovery|Sauna & Heat Therapy,https://pubmed.ncbi.nlm.nih.gov/40437768/
40436665,Prevalence and patterns of complementary and alternative medicine usage among adults with chronic kidney disease: A systematic review and meta-analysis.,2025,Journal of integrative medicine,Systematic review / meta-analysis,10.1016/j.joim.2025.05.001,Massage Therapy,https://pubmed.ncbi.nlm.nih.gov/40436665/
40427858,Evaluating the Impact of Massage Therapy on Performance and Well-Being in Taekwondo Practitioners: A Systematic Review.,2025,International journal of environmental research and public health,Systematic review / meta-analysis,10.3390/ijerph22050742,Massage Therapy,https://pubmed.ncbi.nlm.nih.gov/40427858/
40426259,Mechanisms and management of self-resolving lumbar disc herniation: bridging molecular pathways to non-surgical clinical success.,2025,Journal of orthopaedic surgery and research,Systematic review / meta-analysis,10.1186/s13018-025-05959-x,Massage Therapy|Sauna & Heat Therapy,https://pubmed.ncbi.nlm.nih.gov/40426259/
40417014,"Hypnagogia, psychedelics, and sensory deprivation: the mythic structure of dream-like experiences.",2025,Frontiers in psychology,Other research,10.3389/fpsyg.2025.1498677,Floatation Therapy,https://pubmed.ncbi.nlm.nih.gov/40417014/
40407037,No effect of either heat therapy or aerobic exercise training on blood pressure in adults with untreated hypertension: a randomized clinical trial.,2025,"Journal of applied physiology (Bethesda, Md. : 1985)",Randomized controlled trial,10.1152/japplphysiol.00959.2024,Sauna & Heat Therapy,https://pubmed.ncbi.nlm.nih.gov/40407037/
40399258,Gene therapy prevents onset of mitochondrial cardiomyopathy in neonatal mice with Ndufs6 deficiency.,2025,Cell death discovery,Other research,10.1038/s41420-025-02524-7,Contrast Therapy,https://pubmed.ncbi.nlm.nih.gov/40399258/
40399093,An Acute Case of Exogenous Lipoid Pneumonia Which Developed in Tent Sauna.,2025,"Internal medicine (Tokyo, Japan)",Other research,10.2169/internalmedicine.5634-25,Sauna & Heat Therapy,https://pubmed.ncbi.nlm.nih.gov/40399093/
40398915,Clinical Trial Comparing Three Wavelengths in Photobiomodulation Therapy for Hair Loss.,2025,"Photobiomodulation, photomedicine, and laser surgery",Randomized controlled trial,10.1089/photob.2025.0020,Infrared Sauna,https://pubmed.ncbi.nlm.nih.gov/40398915/
40371595,Effectiveness of Photobiomodulation and Exercise-Based Rehabilitation on Pain and Functional Recovery in Patients With Rotator Cuff Pathology.,2025,Wound repair and regeneration : official publication of the Wound Healing Society [and] the European Tissue Repair Society,Other research,10.1111/wrr.70043,Exercise Recovery,https://pubmed.ncbi.nlm.nih.gov/40371595/
40358602,Musclin Counteracts Skeletal Muscle Dysfunction and Exercise Intolerance in Heart Failure With Preserved Ejection Fraction.,2025,Circulation. Heart failure,Other research,10.1161/CIRCHEARTFAILURE.124.012350,Sauna & Heat Therapy,https://pubmed.ncbi.nlm.nih.gov/40358602/
40350968,Low-dose ASA therapy does not alter core or skin temperature during hot-dry or warm-humid heat stress (PSU HEAT project).,2025,Physiological reports,Randomized controlled trial,10.14814/phy2.70375,Sauna & Heat Therapy,https://pubmed.ncbi.nlm.nih.gov/40350968/
40332494,"Comparison of thermoregulatory, cardiovascular, and immune responses to different passive heat therapy modalities.",2025,"American journal of physiology. Regulatory, integrative and comparative physiology",Observational research,10.1152/ajpregu.00012.2025,Infrared Sauna|Sauna & Heat Therapy,https://pubmed.ncbi.nlm.nih.gov/40332494/
40331900,Muscle temperature increases during a single far infrared sauna session without changes in intestinal temperature.,2025,"Journal of applied physiology (Bethesda, Md. : 1985)",Other research,10.1152/japplphysiol.00067.2025,Infrared Sauna|Sauna & Heat Therapy,https://pubmed.ncbi.nlm.nih.gov/40331900/
40325703,Comparative evaluation of recovery interventions-individually and in combination-on lactate clearance and physical performance metrics following 3 versus 3 basketball matches.,2025,Journal of bodywork and movement therapies,Observational research,10.1016/j.jbmt.2025.01.022,Massage Therapy,https://pubmed.ncbi.nlm.nih.gov/40325703/
40324361,Heat Therapy as a Viable Treatment for Peripheral Artery Disease: A Mini Review.,2025,Journal of vascular research,Other research,10.1159/000546163,Sauna & Heat Therapy,https://pubmed.ncbi.nlm.nih.gov/40324361/
40318171,Cold Water Immersion Does Not Enhance Recovery and Performance After High-Intensity Interval Dorsiflexion Exercise.,2025,Scandinavian journal of medicine & science in sports,Randomized controlled trial,10.1111/sms.70061,Exercise Recovery,https://pubmed.ncbi.nlm.nih.gov/40318171/
40312678,Effectiveness and safety of Tuina massage therapy for paediatric fever: a systematic review and meta-analysis of randomised controlled trials.,2025,BMC pediatrics,Systematic review / meta-analysis,10.1186/s12887-025-05441-x,Massage Therapy,https://pubmed.ncbi.nlm.nih.gov/40312678/
40304044,3D-Printed Scaffold Achieves Synergistic Chemo-Sonodynamic Therapy for Tumorous Bone Defect.,2025,ACS applied bio materials,Other research,10.1021/acsabm.5c00105,Sauna & Heat Therapy,https://pubmed.ncbi.nlm.nih.gov/40304044/
40299985,The role of photobiomodulation in the functional recovery of proximal humerus fractures: a randomized controlled clinical protocol.,2025,PloS one,Other research,10.1371/journal.pone.0321746,Exercise Recovery,https://pubmed.ncbi.nlm.nih.gov/40299985/
40294915,"Effects of Daytime Floatation-Restricted Environmental Stimulation Therapy on Nocturnal Cardiovascular Physiology, Sleep, and Subjective Recovery in Collegiate Student-Athletes: A Comprehensive Observational Study.",2025,Journal of strength and conditioning research,Observational research,10.1519/JSC.0000000000005131,Floatation Therapy,https://pubmed.ncbi.nlm.nih.gov/40294915/
40293721,Effects of Percussion Massage Therapy on Neuromuscular Recovery From Eccentric Exercise-Induced Muscle Damage.,2025,Journal of strength and conditioning research,Randomized controlled trial,10.1519/JSC.0000000000005110,Massage Therapy,https://pubmed.ncbi.nlm.nih.gov/40293721/
40293199,"Investigating effects of moderate hyperthermia at two phases of the circadian cycle for core temperature (heat gain and peak), on quadriceps maximal voluntary contraction force.",2025,Chronobiology international,Other research,10.1080/07420528.2025.2494631,Sauna & Heat Therapy,https://pubmed.ncbi.nlm.nih.gov/40293199/
40276366,Influence of contrast compression therapy and water immersion contrast therapy on biomechanical parameters of the forearm muscles in martial arts athletes.,2025,Frontiers in physiology,Other research,10.3389/fphys.2025.1494762,Contrast Therapy,https://pubmed.ncbi.nlm.nih.gov/40276366/
40259448,Far-infrared therapy on arteriovenous fistula among hemodialysis patients: A systematic review and meta-analysis.,2025,Journal of the Chinese Medical Association : JCMA,Systematic review / meta-analysis,10.1097/JCMA.0000000000001236,Infrared Sauna,https://pubmed.ncbi.nlm.nih.gov/40259448/
40249909,Postexercise Cooling Lowers Skeletal Muscle Microvascular Perfusion and Blunts Amino Acid Incorporation into Muscle Tissue in Active Young Adults.,2025,Medicine and science in sports and exercise,Other research,10.1249/MSS.0000000000003723,Exercise Recovery,https://pubmed.ncbi.nlm.nih.gov/40249909/
40232318,Extracorporeal Shock Wave Therapy versus laser therapy in treating musculoskeletal disorders: a systematic review and meta-analysis.,2025,Lasers in medical science,Systematic review / meta-analysis,10.1007/s10103-025-04392-0,Exercise Recovery,https://pubmed.ncbi.nlm.nih.gov/40232318/
40231076,Inhibition of lens-induced myopia in guinea pigs using a far-induced infrared ray material.,2025,Frontiers in medicine,Other research,10.3389/fmed.2025.1545099,Infrared Sauna,https://pubmed.ncbi.nlm.nih.gov/40231076/
40228687,The effect of online social support on experimental pain.,2025,The journal of pain,Randomized controlled trial,10.1016/j.jpain.2025.105392,Exercise Recovery,https://pubmed.ncbi.nlm.nih.gov/40228687/
40219929,"Efficacy of photobiomodulation therapy on pain, swelling, and trismus following fixation of mandibular fractures.",2025,Wound repair and regeneration : official publication of the Wound Healing Society [and] the European Tissue Repair Society,Other research,10.1111/wrr.70026,Exercise Recovery,https://pubmed.ncbi.nlm.nih.gov/40219929/
40219891,Harnessing the heat: a comprehensive review of heat therapy's role in managing lumbar pain.,2025,"Wiadomosci lekarskie (Warsaw, Poland : 1960)",Other research,10.36740/WLek/202481,Sauna & Heat Therapy,https://pubmed.ncbi.nlm.nih.gov/40219891/
40206177,The effect of percussion massage therapy on the recovery of delayed onset muscle soreness in physically active young men-a randomized controlled trial.,2025,Frontiers in public health,Randomized controlled trial,10.3389/fpubh.2025.1561970,Massage Therapy,https://pubmed.ncbi.nlm.nih.gov/40206177/
40205594,Therapeutic benefits of acupoint massage at Yuji (LU10) and Zhaohai (KI6) for postoperative hoarseness in thyroid surgery patients.,2025,BMC surgery,Randomized controlled trial,10.1186/s12893-025-02889-7,Massage Therapy,https://pubmed.ncbi.nlm.nih.gov/40205594/
40205141,Photobiomodulation associated with functional elastic bandaging promotes recovery from tissue necrosis in surgical wounds.,2025,Lasers in medical science,Other research,10.1007/s10103-025-04439-2,Exercise Recovery,https://pubmed.ncbi.nlm.nih.gov/40205141/
40202605,"Sauna therapy in rheumatic diseases: mechanisms, potential benefits, and cautions.",2025,Rheumatology international,Other research,10.1007/s00296-025-05852-0,Infrared Sauna|Sauna & Heat Therapy,https://pubmed.ncbi.nlm.nih.gov/40202605/
40197161,Induction of apoptosis and hypoxic stress in malignant melanoma cells via graphene-mediated far-infrared radiation.,2025,BMC cancer,Other research,10.1186/s12885-025-14031-0,Infrared Sauna,https://pubmed.ncbi.nlm.nih.gov/40197161/
40172040,Strategies for Implementing Palliative Care Services for Cancer Patients in Low- and Middle-Income Countries: A Systematic Review.,2025,"Inquiry : a journal of medical care organization, provision and financing",Systematic review / meta-analysis,10.1177/00469580251325429,Massage Therapy,https://pubmed.ncbi.nlm.nih.gov/40172040/
40159967,[Protective effect of graphene heating film far-infrared hyperthermia against frostbite in mice].,2025,Nan fang yi ke da xue xue bao = Journal of Southern Medical University,Other research,10.12122/j.issn.1673-4254.2025.03.10,Infrared Sauna,https://pubmed.ncbi.nlm.nih.gov/40159967/
40158347,Randomized clinical trial of the efficacy of the EmoLED medical device in the treatment of stage 2 and stage 3 pressure ulcers: The RISE_UP study.,2025,Journal of tissue viability,Randomized controlled trial,10.1016/j.jtv.2025.100895,Exercise Recovery,https://pubmed.ncbi.nlm.nih.gov/40158347/
40138389,"Investigating the effects of percussion massage therapy on pain, functionality, muscle diameter, and proprioception in ındividuals with ACL reconstruction: a randomized controlled trial.",2025,PloS one,Randomized controlled trial,10.1371/journal.pone.0319731,Massage Therapy,https://pubmed.ncbi.nlm.nih.gov/40138389/
40120073,Physical Therapies for Delayed-Onset Muscle Soreness: An Umbrella and Mapping Systematic Review with Meta-meta-analysis.,2025,"Sports medicine (Auckland, N.Z.)",Systematic review / meta-analysis,10.1007/s40279-025-02187-5,Contrast Therapy|Massage Therapy|Sauna & Heat Therapy,https://pubmed.ncbi.nlm.nih.gov/40120073/
40119884,Massage therapy in rheumatoid arthritis.,2025,Rheumatology international,Other research,10.1007/s00296-025-05833-3,Massage Therapy,https://pubmed.ncbi.nlm.nih.gov/40119884/
40104529,Effects of repeated use of post-exercise infrared sauna on neuromuscular performance and muscle hypertrophy.,2025,Frontiers in sports and active living,Other research,10.3389/fspor.2025.1462901,Infrared Sauna,https://pubmed.ncbi.nlm.nih.gov/40104529/
40096874,Effectiveness of low-level laser therapy on temporomandibular disorders. A systematic review of randomized clinical trials.,2025,Photodiagnosis and photodynamic therapy,Systematic review / meta-analysis,10.1016/j.pdpdt.2025.104558,Exercise Recovery,https://pubmed.ncbi.nlm.nih.gov/40096874/
40094855,Mechanisms and Efficacy of Contrast Therapy for Musculoskeletal Painful Disease: A Scoping Review.,2025,Journal of clinical medicine,Other research,10.3390/jcm14051441,Contrast Therapy,https://pubmed.ncbi.nlm.nih.gov/40094855/
40094464,Acute effects of handheld percussive massage therapy on various posterior shoulder soft tissue areas in healthy young males.,2025,The Journal of sports medicine and physical fitness,Other research,10.23736/S0022-4707.25.16101-X,Massage Therapy,https://pubmed.ncbi.nlm.nih.gov/40094464/
40084877,Insights into effective fatigue reducing interventions in kidney transplant candidates: a scoping review.,2025,Annals of behavioral medicine : a publication of the Society of Behavioral Medicine,Other research,10.1093/abm/kaaf017,Massage Therapy,https://pubmed.ncbi.nlm.nih.gov/40084877/
40081920,Axillary web syndrome following axillary abscess: clinical diagnosis and management.,2025,BMJ case reports,Other research,10.1136/bcr-2025-264816,Sauna & Heat Therapy,https://pubmed.ncbi.nlm.nih.gov/40081920/
40076906,Efficacy of Light-Emitting Diode-Mediated Photobiomodulation in Tendon Healing in a Murine Model.,2025,International journal of molecular sciences,Other research,10.3390/ijms26052286,Exercise Recovery,https://pubmed.ncbi.nlm.nih.gov/40076906/
40076847,Graphene-Based Far-Infrared Therapy Promotes Adipose Tissue Thermogenesis and UCP1 Activation to Combat Obesity in Mice.,2025,International journal of molecular sciences,Other research,10.3390/ijms26052225,Infrared Sauna,https://pubmed.ncbi.nlm.nih.gov/40076847/
40071596,Treatment options for depression in Parkinson's disease: a mini-review.,2025,International clinical psychopharmacology,Other research,10.1097/YIC.0000000000000588,Massage Therapy,https://pubmed.ncbi.nlm.nih.gov/40071596/
40064728,Effect of photobiomodulation on monocyte dynamics and cytokine levels following plyometric exercise in physically active men.,2025,Lasers in medical science,Randomized controlled trial,10.1007/s10103-025-04386-y,Exercise Recovery,https://pubmed.ncbi.nlm.nih.gov/40064728/
40062687,Home-based heat therapy lowers blood pressure and improves endothelial function in older adults.,2025,"Journal of applied physiology (Bethesda, Md. : 1985)",Other research,10.1152/japplphysiol.00977.2024,Sauna & Heat Therapy,https://pubmed.ncbi.nlm.nih.gov/40062687/
40059405,International society of sports nutrition position stand: nutrition and weight cut strategies for mixed martial arts and other combat sports.,2025,Journal of the International Society of Sports Nutrition,Other research,10.1080/15502783.2025.2467909,Exercise Recovery|Sauna & Heat Therapy,https://pubmed.ncbi.nlm.nih.gov/40059405/
40056743,Experience after Floatation-REST: Relaxation during floating mediates the afterglow effect.,2025,Consciousness and cognition,Randomized controlled trial,10.1016/j.concog.2025.103836,Floatation Therapy,https://pubmed.ncbi.nlm.nih.gov/40056743/
40050482,Treatments of fatigue after spinal cord injury: a systematic review and meta-analysis.,2025,Spinal cord,Systematic review / meta-analysis,10.1038/s41393-025-01067-z,Massage Therapy,https://pubmed.ncbi.nlm.nih.gov/40050482/
40047824,Implant infection after prepectoral breast reconstruction treated with negative pressure wound therapy and photobiomodulation: a case report.,2025,Journal of wound care,Other research,10.12968/jowc.2022.0097,Exercise Recovery,https://pubmed.ncbi.nlm.nih.gov/40047824/
40040529,A Scoping Review on the Efficacy/Effectiveness and Utilization of Complementary and Integrative Health for Pain in the Military Health System.,2025,Journal of integrative and complementary medicine,Other research,10.1089/jicm.2024.1013,Massage Therapy,https://pubmed.ncbi.nlm.nih.gov/40040529/
40030071,Intensity of National Collegiate Athletics Association Division I Women's Soccer Regular Season Games.,2025,Journal of strength and conditioning research,Other research,10.1519/JSC.0000000000005053,Exercise Recovery,https://pubmed.ncbi.nlm.nih.gov/40030071/
39995182,A Retrospective Cohort Study on the Preliminary Efficacy of Massage Therapy for Chemotherapy-Induced Peripheral Neuropathy Among Cancer Patients.,2025,Integrative cancer therapies,Other research,10.1177/15347354251323258,Massage Therapy,https://pubmed.ncbi.nlm.nih.gov/39995182/
39986110,Non-pharmacological interventions for perineal trauma in the postpartum period: A scoping review.,2025,Midwifery,Other research,10.1016/j.midw.2025.104341,Sauna & Heat Therapy,https://pubmed.ncbi.nlm.nih.gov/39986110/
39985142,The influence of passive heating garments worn in temperate and cold conditions prior to simulated performance for male soccer substitutes.,2025,Physiological reports,Other research,10.14814/phy2.70189,Sauna & Heat Therapy,https://pubmed.ncbi.nlm.nih.gov/39985142/
39984173,Racial and Ethnic Representation Among Complementary and Integrative Health Program Graduates.,2025,Journal of integrative and complementary medicine,Other research,10.1089/jicm.2024.0745,Massage Therapy,https://pubmed.ncbi.nlm.nih.gov/39984173/
39973652,"Comparison of the impacts of percussion massage therapy, dynamic stretching, and kinesiology taping techniques on functional performance, muscular strength, and proprioception in the shoulder.",2025,"Work (Reading, Mass.)",Other research,10.1177/10519815251317309,Massage Therapy,https://pubmed.ncbi.nlm.nih.gov/39973652/
39971211,Study of Complementary and Integrative Interventions in Pediatric Patients With Serious Illness.,2025,Journal of pain and symptom management,Observational research,10.1016/j.jpainsymman.2025.02.013,Massage Therapy,https://pubmed.ncbi.nlm.nih.gov/39971211/
39966055,Multimodal approaches to postoperative pain management in orthognathic surgery: a comprehensive review.,2025,International journal of oral and maxillofacial surgery,Other research,10.1016/j.ijom.2025.02.004,Exercise Recovery,https://pubmed.ncbi.nlm.nih.gov/39966055/
39953332,The acute effects of continuous and intermittent whole-body passive heating on cardiovascular disease risk indicators in healthy and young males and females.,2025,European journal of applied physiology,Other research,10.1007/s00421-025-05718-0,Exercise Recovery|Sauna & Heat Therapy,https://pubmed.ncbi.nlm.nih.gov/39953332/
39939563,The effect of biological sex on cool seeking behavior during passive heat stress in young adults.,2025,European journal of applied physiology,Other research,10.1007/s00421-025-05702-8,Sauna & Heat Therapy,https://pubmed.ncbi.nlm.nih.gov/39939563/
39938664,Advancements in the application of ablative therapy and its combination with immunotherapy in anti-cancer therapy.,2025,Biochimica et biophysica acta. Reviews on cancer,Other research,10.1016/j.bbcan.2025.189285,Sauna & Heat Therapy,https://pubmed.ncbi.nlm.nih.gov/39938664/
39929358,Effectiveness of low-level laser therapy in patients with maxillofacial neuropathies. A systematic review of randomized controlled trials.,2025,Photodiagnosis and photodynamic therapy,Systematic review / meta-analysis,10.1016/j.pdpdt.2025.104516,Exercise Recovery,https://pubmed.ncbi.nlm.nih.gov/39929358/
39918163,"Cold Water Immersion, Heart Rate Variability and Post-Exercise Recovery: A Systematic Review.",2025,Physiotherapy research international : the journal for researchers and clinicians in physical therapy,Systematic review / meta-analysis,10.1002/pri.70033,Exercise Recovery,https://pubmed.ncbi.nlm.nih.gov/39918163/
39903041,The effect of an exercise- and passive-induced heat stress on autophagy in young and older males.,2025,"American journal of physiology. Regulatory, integrative and comparative physiology",Observational research,10.1152/ajpregu.00232.2024,Sauna & Heat Therapy,https://pubmed.ncbi.nlm.nih.gov/39903041/
39903011,Optimizing Chronic Pain Treatment: A Summary of Infrequently Investigated Therapeutic Interventions for Modulating Pain.,2025,Pain physician,Other research,,Sauna & Heat Therapy,https://pubmed.ncbi.nlm.nih.gov/39903011/
39890582,Practice Advisory for Postoperative Pain Management of Thoracic Surgical Patients: A Report from the Society of Cardiovascular Anesthesiologists.,2025,Journal of cardiothoracic and vascular anesthesia,Other research,10.1053/j.jvca.2024.12.004,Massage Therapy,https://pubmed.ncbi.nlm.nih.gov/39890582/
39883205,A systematic review on whole-body photobiomodulation for exercise performance and recovery.,2025,Lasers in medical science,Systematic review / meta-analysis,10.1007/s10103-025-04318-w,Exercise Recovery,https://pubmed.ncbi.nlm.nih.gov/39883205/
39864980,Practice Advisory for Postoperative Pain Management of Thoracic Surgical Patients: Executive Summary: A Report From the Society of Cardiovascular Anesthesiologists.,2025,Journal of cardiothoracic and vascular anesthesia,Other research,10.1053/j.jvca.2024.12.003,Massage Therapy,https://pubmed.ncbi.nlm.nih.gov/39864980/
39857575,"Enhancing Post-Training Muscle Recovery and Strength in Paralympic Powerlifting Athletes with Cold-Water Immersion, a Cross-Sectional Study.",2025,International journal of environmental research and public health,Other research,10.3390/ijerph22010122,Exercise Recovery,https://pubmed.ncbi.nlm.nih.gov/39857575/
39855959,Practice Advisory for Postoperative Pain Management of Cardiac Surgical Patients: A Report by Society of Cardiovascular Anesthesiologists.,2025,Journal of cardiothoracic and vascular anesthesia,Other research,10.1053/j.jvca.2024.10.014,Massage Therapy,https://pubmed.ncbi.nlm.nih.gov/39855959/
39829076,Improving glycemic control via heat therapy in older adults at risk for Alzheimer's disease (FIGHT-AD): a pilot study.,2025,"Journal of applied physiology (Bethesda, Md. : 1985)",Other research,10.1152/japplphysiol.00396.2024,Sauna & Heat Therapy,https://pubmed.ncbi.nlm.nih.gov/39829076/
39819110,Passive heat therapy for cardiovascular disease: current evidence and future directions.,2025,"Applied physiology, nutrition, and metabolism = Physiologie appliquee, nutrition et metabolisme",Other research,10.1139/apnm-2024-0406,Sauna & Heat Therapy,https://pubmed.ncbi.nlm.nih.gov/39819110/
39805100,"Passive heating in sport: context-specific benefits, detriments, and considerations.",2025,"Applied physiology, nutrition, and metabolism = Physiologie appliquee, nutrition et metabolisme",Other research,10.1139/apnm-2024-0381,Sauna & Heat Therapy,https://pubmed.ncbi.nlm.nih.gov/39805100/
39786308,The Impact of Photobiomodulation Therapy on Swelling Reduction and Recovery Enhancement in Total Knee Arthroplasty: A Randomized Clinical Trial.,2025,"Photobiomodulation, photomedicine, and laser surgery",Randomized controlled trial,10.1089/photob.2024.0120,Exercise Recovery,https://pubmed.ncbi.nlm.nih.gov/39786308/
39773956,Severe heat stroke with multiorgan failure following collapse in a sauna.,2025,BMJ case reports,Other research,10.1136/bcr-2024-262069,Exercise Recovery|Sauna & Heat Therapy,https://pubmed.ncbi.nlm.nih.gov/39773956/
39761538,"The effects of acute hot-water immersion on force steadiness and motor unit discharge rate variability in young, healthy adults.",2025,"Applied physiology, nutrition, and metabolism = Physiologie appliquee, nutrition et metabolisme",Other research,10.1139/apnm-2024-0330,Sauna & Heat Therapy,https://pubmed.ncbi.nlm.nih.gov/39761538/
39724004,Photobiomodulation Treatment for Second-Degree Burn Treatment-A Double-Blinded Controlled Pilot Trial.,2025,"Photobiomodulation, photomedicine, and laser surgery",Other research,10.1089/photob.2024.0021,Exercise Recovery,https://pubmed.ncbi.nlm.nih.gov/39724004/
39694429,Unveiling the potential and specificity of the Mahoran ethnopharmacopoeia: A field survey.,2025,Journal of ethnopharmacology,Other research,10.1016/j.jep.2024.119255,Massage Therapy,https://pubmed.ncbi.nlm.nih.gov/39694429/
39689669,"Sex-specific differences in insulin response and substrate oxidation after repeated, brief whole-body immersion in 45 °C water: A prospective, interventional study.",2025,Journal of thermal biology,Other research,10.1016/j.jtherbio.2024.104029,Sauna & Heat Therapy,https://pubmed.ncbi.nlm.nih.gov/39689669/
39688619,Lack of gastric emptying at autopsy eleven days after heat trauma in the sauna- a forensic autopsy case report.,2025,"Forensic science, medicine, and pathology",Other research,10.1007/s12024-024-00931-3,Sauna & Heat Therapy,https://pubmed.ncbi.nlm.nih.gov/39688619/
39665595,Effect of cold-water immersion treatment on recovery from exercise-induced muscle damage in the hamstring.,2025,European journal of sport science,Randomized controlled trial,10.1002/ejsc.12235,Exercise Recovery,https://pubmed.ncbi.nlm.nih.gov/39665595/
39658774,Revisiting the Emerging Role of Light-Based Therapies in the Management of Spinal Cord Injuries.,2025,Molecular neurobiology,Other research,10.1007/s12035-024-04658-8,Exercise Recovery,https://pubmed.ncbi.nlm.nih.gov/39658774/
39648830,Cross-Sectional Survey Analysis of Institutional Research Partnerships in Complementary and Integrative Health: Identifying Barriers and Facilitators.,2025,Journal of integrative and complementary medicine,Other research,10.1089/jicm.2024.0382,Massage Therapy,https://pubmed.ncbi.nlm.nih.gov/39648830/
39607529,Effects of thermal interventions on skeletal muscle adaptations and regeneration: perspectives on epigenetics: a narrative review.,2025,European journal of applied physiology,Other research,10.1007/s00421-024-05642-9,Exercise Recovery|Sauna & Heat Therapy,https://pubmed.ncbi.nlm.nih.gov/39607529/
39607490,Effect of repeated hot and cold stimulation for the neck and shoulders on muscle fatigue recovery: a pilot study.,2025,International journal of biometeorology,Other research,10.1007/s00484-024-02834-y,Contrast Therapy,https://pubmed.ncbi.nlm.nih.gov/39607490/
39586193,The therapeutic effect of two different massages on the sleep quality of orthopedic surgery patients: A randomized controlled study.,2025,"Explore (New York, N.Y.)",Randomized controlled trial,10.1016/j.explore.2024.103084,Massage Therapy,https://pubmed.ncbi.nlm.nih.gov/39586193/
39558520,"Effectiveness of Massage Therapy for Cancer Pain, Quality of Life and Anxiety Levels: A Systematic Review and Meta-Analysis.",2025,Journal of clinical nursing,Systematic review / meta-analysis,10.1111/jocn.17547,Massage Therapy,https://pubmed.ncbi.nlm.nih.gov/39558520/
39545999,Influence of hydrotherapy on change in weight: a narrative review.,2025,International journal of biometeorology,Other research,10.1007/s00484-024-02823-1,Sauna & Heat Therapy,https://pubmed.ncbi.nlm.nih.gov/39545999/
39545336,Effects of chamomile oil inhalation on sleep quality in young adults with insomnia: A randomized controlled trial.,2025,International journal of psychiatry in medicine,Randomized controlled trial,10.1177/00912174241301279,Massage Therapy,https://pubmed.ncbi.nlm.nih.gov/39545336/
39515683,Influence of acute and chronic therapeutic cooling on cognitive performance and well-being.,2025,Physiology & behavior,Other research,10.1016/j.physbeh.2024.114728,Exercise Recovery,https://pubmed.ncbi.nlm.nih.gov/39515683/
39437435,Females have better metabolic flexibility in different metabolically challenging stimuli.,2025,"Applied physiology, nutrition, and metabolism = Physiologie appliquee, nutrition et metabolisme",Randomized controlled trial,10.1139/apnm-2024-0217,Sauna & Heat Therapy,https://pubmed.ncbi.nlm.nih.gov/39437435/
39417862,Brain-derived neurotrophic factor in older adults exposed to simulated indoor overheating.,2025,European journal of applied physiology,Other research,10.1007/s00421-024-05623-y,Sauna & Heat Therapy,https://pubmed.ncbi.nlm.nih.gov/39417862/
39415747,"Use of Complementary and Integrative Health Approaches in Adults with Long COVID in the US, a Nationally Representative Survey.",2025,Journal of integrative and complementary medicine,Other research,10.1089/jicm.2024.0283,Massage Therapy,https://pubmed.ncbi.nlm.nih.gov/39415747/
39411876,Combined Active and Passive Isothermic Heating Leads to Similar Core Temperature Compared With Exercise Alone.,2025,Journal of athletic training,Other research,10.4085/1062-6050-0448.24,Sauna & Heat Therapy,https://pubmed.ncbi.nlm.nih.gov/39411876/
39373667,"Repeated passive heat treatment increases muscle tissue capillarization, but does not affect postprandial muscle protein synthesis rates in healthy older adults.",2025,The Journal of physiology,Other research,10.1113/JP286986,Infrared Sauna|Sauna & Heat Therapy,https://pubmed.ncbi.nlm.nih.gov/39373667/
39366006,"Feet-heating and calf-heating have opposing effects on glucose tolerance and heart rate variability: a randomized, controlled, crossover trial.",2025,"Applied physiology, nutrition, and metabolism = Physiologie appliquee, nutrition et metabolisme",Randomized controlled trial,10.1139/apnm-2024-0265,Sauna & Heat Therapy,https://pubmed.ncbi.nlm.nih.gov/39366006/
39283227,"Effects of Lower Limb Heat Therapy, Exercise Training, or a Combined Intervention on Vascular Function: A Randomized Controlled Trial.",2025,Medicine and science in sports and exercise,Randomized controlled trial,10.1249/MSS.0000000000003550,Sauna & Heat Therapy,https://pubmed.ncbi.nlm.nih.gov/39283227/
39252442,The effect of seasonal heat acclimatization on cool-seeking behaviour during passive heat stress in young adults.,2025,Experimental physiology,Other research,10.1113/EP091969,Sauna & Heat Therapy,https://pubmed.ncbi.nlm.nih.gov/39252442/
39142496,"Effectiveness of music therapy, aromatherapy, and massage therapy on patients in palliative care with end-of-life needs: A systematic review.",2025,Journal of pain and symptom management,Systematic review / meta-analysis,10.1016/j.jpainsymman.2024.07.024,Massage Therapy,https://pubmed.ncbi.nlm.nih.gov/39142496/
39136494,Fibromyalgia Diagnosis and Treatment Receipt in the U.S. Military Health System.,2025,Military medicine,Other research,10.1093/milmed/usae384,Massage Therapy,https://pubmed.ncbi.nlm.nih.gov/39136494/
39004886,Six weeks of localized passive heat therapy elicits some exercise-like improvements in resistance artery function.,2025,The Journal of physiology,Randomized controlled trial,10.1113/JP286567,Sauna & Heat Therapy,https://pubmed.ncbi.nlm.nih.gov/39004886/
38861401,Massage Therapy Utilization in the Military Health System.,2025,Military medicine,Other research,10.1093/milmed/usae299,Massage Therapy,https://pubmed.ncbi.nlm.nih.gov/38861401/
38812122,Assessment of photobiomodulation by a 660-nm diode laser on the reversal of soft tissue anesthesia in children: A randomized controlled clinical trial.,2025,International journal of paediatric dentistry,Randomized controlled trial,10.1111/ipd.13215,Exercise Recovery,https://pubmed.ncbi.nlm.nih.gov/38812122/
38708826,"The influence of near-infrared therapy on arteriovenous fistula patency in haemodialysis patients: A multicentre, randomised, controlled clinical trial.",2025,The journal of vascular access,Other research,10.1177/11297298241251501,Infrared Sauna,https://pubmed.ncbi.nlm.nih.gov/38708826/
40168065,Endogenous Opioid Peptides After Floatation Therapy in Resistance-Trained Men.,2024,Journal of strength and conditioning research,Other research,10.1519/JSC.0000000000004931,Floatation Therapy,https://pubmed.ncbi.nlm.nih.gov/40168065/
39806726,"Effects of traditional Chinese medicine massage therapy on pain, functional activity, muscle activation patterns and proprioception in knee osteoarthritis: a randomised controlled trial protocol.",2024,BMJ open,Other research,10.1136/bmjopen-2023-081771,Massage Therapy,https://pubmed.ncbi.nlm.nih.gov/39806726/
39768946,Effects of Sacroiliac Joint Manipulation on Autonomic Nervous System and Lower Abdominal Pain in Women with Primary Dysmenorrhoea: A Randomized Controlled Trial.,2024,"Medicina (Kaunas, Lithuania)",Randomized controlled trial,10.3390/medicina60122068,Sauna & Heat Therapy,https://pubmed.ncbi.nlm.nih.gov/39768946/
39744701,Assessment of ipsilateral and contralateral perfusion after contrast compression therapy of upper limb muscles in MMA athletes - a cross-over study.,2024,Frontiers in physiology,Other research,10.3389/fphys.2024.1498590,Contrast Therapy,https://pubmed.ncbi.nlm.nih.gov/39744701/
39691209,Comparison of 1-hour floatation-REST versus conventional napping on heart rate variability in active individuals.,2024,BMJ open sport & exercise medicine,Other research,10.1136/bmjsem-2024-002292,Floatation Therapy,https://pubmed.ncbi.nlm.nih.gov/39691209/
39685751,Immediate Effect of Compression Contrast Therapy on Quadriceps Femoris Muscles' Regeneration in MMA Fighters.,2024,Journal of clinical medicine,Other research,10.3390/jcm13237292,Contrast Therapy,https://pubmed.ncbi.nlm.nih.gov/39685751/
39627559,Efficacy of photobiomodulation therapy on Bell's palsy symptoms: a systematic review.,2024,Lasers in medical science,Systematic review / meta-analysis,10.1007/s10103-024-04240-7,Exercise Recovery,https://pubmed.ncbi.nlm.nih.gov/39627559/
39624135,Pelvic floor muscle training associated with the photobiomodulation therapy for women affected by the genitourinary syndrome of menopause: a study protocol.,2024,PeerJ,Other research,10.7717/peerj.17848,Exercise Recovery,https://pubmed.ncbi.nlm.nih.gov/39624135/
39593693,Impact of a 5-min massage session on the gastrocnemius contractile and passive mechanical properties in young adults - A randomized controlled trial.,2024,Journal of bodywork and movement therapies,Randomized controlled trial,10.1016/j.jbmt.2024.06.010,Massage Therapy,https://pubmed.ncbi.nlm.nih.gov/39593693/
39593644,Effects of multiple cold-water immersion during pre-season on recovery performance in under-20 male soccer players: A randomized controlled trial.,2024,Journal of bodywork and movement therapies,Randomized controlled trial,10.1016/j.jbmt.2024.05.004,Exercise Recovery,https://pubmed.ncbi.nlm.nih.gov/39593644/
39593507,"The effectiveness of massage on pain, external knee adduction moment, and muscle Co-contraction in individuals with medial compartment knee osteoarthritis.",2024,Journal of bodywork and movement therapies,Other research,10.1016/j.jbmt.2024.09.006,Massage Therapy,https://pubmed.ncbi.nlm.nih.gov/39593507/
39554929,"A Defined, Plant-Based Diet and Other Integrative Therapies Improve Functional Status and Ejection Fraction while Reducing Medications in Patients With Heart Failure: A Case Series.",2024,American journal of lifestyle medicine,Other research,10.1177/15598276241281475,Infrared Sauna,https://pubmed.ncbi.nlm.nih.gov/39554929/
39516833,Effects of percussive massage therapy on fascia echo intensity and fascia thickness in firefighters with chronic non-specific low back pain: a randomized controlled trial.,2024,BMC complementary medicine and therapies,Randomized controlled trial,10.1186/s12906-024-04687-9,Massage Therapy,https://pubmed.ncbi.nlm.nih.gov/39516833/
39514886,How initial perceptions of the effectiveness of mind and body complementary and integrative health therapies influence long-term adherence in a pragmatic trial.,2024,"Pain medicine (Malden, Mass.)",Controlled / clinical trial,10.1093/pm/pnae070,Massage Therapy,https://pubmed.ncbi.nlm.nih.gov/39514886/
39501019,The power of 810 nm near-infrared photobiomodulation therapy for human asthenozoospermia.,2024,Scientific reports,Other research,10.1038/s41598-024-77823-7,Exercise Recovery,https://pubmed.ncbi.nlm.nih.gov/39501019/
39482851,"Hot pants: The emerging field of exercise mimetics, from hospital beds to the international space station.",2024,Physiological reports,Other research,10.14814/phy2.70108,Sauna & Heat Therapy,https://pubmed.ncbi.nlm.nih.gov/39482851/
39470206,"Conservative, physical and surgical interventions for managing faecal incontinence and constipation in adults with central neurological diseases.",2024,The Cochrane database of systematic reviews,Systematic review / meta-analysis,10.1002/14651858.CD002115.pub6,Massage Therapy,https://pubmed.ncbi.nlm.nih.gov/39470206/
39461912,Far-infrared irradiation inhibits proliferation of human upper airway epithelial cells via protein phosphatase 2A-promoted dephosphorylation of p70 S6 kinase.,2024,Photochemical & photobiological sciences : Official journal of the European Photochemistry Association and the European Society for Photobiology,Other research,10.1007/s43630-024-00652-0,Infrared Sauna,https://pubmed.ncbi.nlm.nih.gov/39461912/
39461860,Photobiomodulation therapy to prevent oral mucositis and functional impairment in adult patients with haematological cancer undergoing haematopoietic stem cell transplantation: randomised trial protocol.,2024,BMJ open,Other research,10.1136/bmjopen-2024-088073,Exercise Recovery,https://pubmed.ncbi.nlm.nih.gov/39461860/
39457704,Effects of Far-Infrared Rays Emitted from Loess Bio-Balls on Lymphatic Circulation and Reduction of Inflammatory Fluids.,2024,Biomedicines,Other research,10.3390/biomedicines12102392,Infrared Sauna,https://pubmed.ncbi.nlm.nih.gov/39457704/
39446139,Sauna bathing in northern Sweden: results from the MONICA study 2022.,2024,International journal of circumpolar health,Other research,10.1080/22423982.2024.2419698,Sauna & Heat Therapy|Sleep & Passive Heating,https://pubmed.ncbi.nlm.nih.gov/39446139/
39438352,Evidence-based recommendations regarding risk reduction practices for people at risk of or with breast cancer-related lymphedema: consensus from an expert panel.,2024,"Medical oncology (Northwood, London, England)",Other research,10.1007/s12032-024-02510-6,Sauna & Heat Therapy,https://pubmed.ncbi.nlm.nih.gov/39438352/
39404400,The Role of Cardio-Renal Inflammation in Deciding the Fate of the Arteriovenous Fistula in Haemodialysis Therapy.,2024,Cells,Other research,10.3390/cells13191637,Infrared Sauna,https://pubmed.ncbi.nlm.nih.gov/39404400/
39347595,Photobiomodulation as a Potential Adjuvant Therapy to Improve Cochlear Implant Efficiency.,2024,"Photobiomodulation, photomedicine, and laser surgery",Other research,10.1089/photob.2024.0097,Exercise Recovery,https://pubmed.ncbi.nlm.nih.gov/39347595/
39343632,"Randomized, controlled, within-patient, single-blinded pilot study to evaluate the efficacy of 12-weeks of endermotherapy with adult burn survivors.",2024,Burns : journal of the International Society for Burn Injuries,Randomized controlled trial,10.1016/j.burns.2024.09.008,Massage Therapy,https://pubmed.ncbi.nlm.nih.gov/39343632/
39333728,"Acute effects of cold, heat and contrast pressure therapy on forearm muscles regeneration in combat sports athletes: a randomized clinical trial.",2024,Scientific reports,Randomized controlled trial,10.1038/s41598-024-72412-0,Contrast Therapy,https://pubmed.ncbi.nlm.nih.gov/39333728/
39329951,Patch-Based Far-Infrared Radiation (FIR) Therapy Does Not Impact Cell Tracking or Motility of Human Melanoma Cells In Vitro.,2024,Current issues in molecular biology,Other research,10.3390/cimb46090599,Infrared Sauna,https://pubmed.ncbi.nlm.nih.gov/39329951/
39311228,"The Impact of DAZZEON αSleep® Far-Infrared Blanket on Sleep, Blood Pressure, Vascular Health, Muscle Function, Inflammation, and Fatigue.",2024,Clocks & sleep,Other research,10.3390/clockssleep6030033,Infrared Sauna,https://pubmed.ncbi.nlm.nih.gov/39311228/
39310654,Effects of Far Infrared Radiation and Sitz Bath on Perineal Wound Healing and Pain in Primiparous Women Undergoing an Episiotomy: A Randomized Prospective Parallel Arm Study.,2024,Cureus,Other research,10.7759/cureus.67477,Infrared Sauna,https://pubmed.ncbi.nlm.nih.gov/39310654/
39305683,The effectiveness of different non-pharmacological therapies on cancer-related fatigue in cancer patients:A network meta-analysis.,2024,International journal of nursing studies,Systematic review / meta-analysis,10.1016/j.ijnurstu.2024.104904,Massage Therapy,https://pubmed.ncbi.nlm.nih.gov/39305683/
39294614,The effects of hydrotherapy and cryotherapy on recovery from acute post-exercise induced muscle damage-a network meta-analysis.,2024,BMC musculoskeletal disorders,Systematic review / meta-analysis,10.1186/s12891-024-07315-2,Contrast Therapy|Exercise Recovery,https://pubmed.ncbi.nlm.nih.gov/39294614/
39284718,Comparative efficacy of non-pharmacological interventions for anxiety in adult intensive care unit patients: A systematic review and network meta-analysis.,2024,Nursing in critical care,Systematic review / meta-analysis,10.1111/nicc.13156,Massage Therapy,https://pubmed.ncbi.nlm.nih.gov/39284718/
39273084,Effect of Single Session of Swedish Massage on Circulating Levels of Interleukin-6 and Insulin-like Growth Factor 1.,2024,International journal of molecular sciences,Other research,10.3390/ijms25179135,Massage Therapy,https://pubmed.ncbi.nlm.nih.gov/39273084/
39255475,Evaluation of Comparative Efficacy of Levothyroxine Versus Kshar Basti and Kanchanar Guggul in the Treatment of Hypothyroidism: Protocol for a Randomized Controlled Trial.,2024,JMIR research protocols,Other research,10.2196/57287,Massage Therapy,https://pubmed.ncbi.nlm.nih.gov/39255475/
39241006,Modulation of cutaneous vasodilation by reactive oxygen species during local and whole body heating in young and older adults.,2024,"American journal of physiology. Regulatory, integrative and comparative physiology",Observational research,10.1152/ajpregu.00127.2024,Sauna & Heat Therapy,https://pubmed.ncbi.nlm.nih.gov/39241006/
39228772,"Comparing The Effects of Compression Contrast Therapy and Dry Needling on Muscle Functionality, Pressure Pain Threshold, and Perfusion after Isometric Fatigue in Forearm Muscles of Combat Sports Athletes: A Single-Blind Randomized Controlled Trial.",2024,Journal of sports science & medicine,Randomized controlled trial,10.52082/jssm.2024.548,Contrast Therapy,https://pubmed.ncbi.nlm.nih.gov/39228772/
39209309,"A Single Sauna Session Does Not Improve Postprandial Blood Glucose Handling in Individuals with Type 2 Diabetes Mellitus: A Cross-Over, Randomized, Controlled Trial.",2024,"Experimental and clinical endocrinology & diabetes : official journal, German Society of Endocrinology [and] German Diabetes Association",Randomized controlled trial,10.1055/a-2406-4491,Infrared Sauna|Sauna & Heat Therapy,https://pubmed.ncbi.nlm.nih.gov/39209309/
39196984,Effects of far infrared therapy in hemodialysis arterio-venous fistula maturation: A meta-analysis.,2024,PloS one,Systematic review / meta-analysis,10.1371/journal.pone.0307586,Infrared Sauna,https://pubmed.ncbi.nlm.nih.gov/39196984/
39190835,Short-latency afferent inhibition is reduced with cold-water immersion of a limb and remains reduced after removal from the cold stimulus.,2024,Experimental physiology,Other research,10.1113/EP091896,Exercise Recovery,https://pubmed.ncbi.nlm.nih.gov/39190835/
39183008,[Meridian massage in the treatment of cervical spondylotic radiculopathy].,2024,Zhongguo gu shang = China journal of orthopaedics and traumatology,Other research,10.12200/j.issn.1003-0034.20230986,Massage Therapy,https://pubmed.ncbi.nlm.nih.gov/39183008/
39179221,Gaelic Games Players' and Practitioners' Perceptions of Recovery Strategies.,2024,International journal of sports physiology and performance,Other research,10.1123/ijspp.2023-0302,Exercise Recovery,https://pubmed.ncbi.nlm.nih.gov/39179221/
39167877,"Comparison of photobiomodulation with cryotherapy in the immediate postpartum period of parturients with grade I, grade II lacerations and/or episiotomy in reducing perineal and vulvar and edema: A randomized clinical trial.",2024,"European journal of obstetrics, gynecology, and reproductive biology",Randomized controlled trial,10.1016/j.ejogrb.2024.08.025,Exercise Recovery,https://pubmed.ncbi.nlm.nih.gov/39167877/
39164313,Far-infrared radiation alleviates steatohepatitis and fibrosis in metabolic dysfunction-associated fatty liver disease.,2024,Scientific reports,Other research,10.1038/s41598-024-69053-8,Infrared Sauna,https://pubmed.ncbi.nlm.nih.gov/39164313/
39151679,Far-infrared radiation and its therapeutic parameters: A superior alternative for future regenerative medicine?,2024,Pharmacological research,Other research,10.1016/j.phrs.2024.107349,Infrared Sauna,https://pubmed.ncbi.nlm.nih.gov/39151679/
39102461,Effects of sodium bicarbonate ingestion on ventilatory and cerebrovascular responses in resting heated humans.,2024,"American journal of physiology. Regulatory, integrative and comparative physiology",Other research,10.1152/ajpregu.00161.2024,Sauna & Heat Therapy,https://pubmed.ncbi.nlm.nih.gov/39102461/
39094403,The effects of cold water immersion and partial body cryotherapy on subsequent exercise performance and thermoregulatory responses in hot conditions.,2024,Journal of thermal biology,Other research,10.1016/j.jtherbio.2024.103926,Exercise Recovery,https://pubmed.ncbi.nlm.nih.gov/39094403/
39084894,[Systematic Review and Meta-Analysis of Non-Invasive Acupoint Therapy as an Approach to Urinary Itching Control in Dialysis Patients].,2024,Hu li za zhi The journal of nursing,Systematic review / meta-analysis,10.6224/JN.202408_71(4).09,Infrared Sauna,https://pubmed.ncbi.nlm.nih.gov/39084894/
39052044,"The effect of a 4-week, remotely administered, post-exercise passive leg heating intervention on determinants of endurance performance.",2024,European journal of applied physiology,Randomized controlled trial,10.1007/s00421-024-05558-4,Sauna & Heat Therapy,https://pubmed.ncbi.nlm.nih.gov/39052044/
39049501,"Blood, Sweat, and Tears: Implications for Hydration Testing in Combat Sports-Investigating Body Mass Loss and Biomarker Changes.",2024,Scandinavian journal of medicine & science in sports,Other research,10.1111/sms.14701,Sauna & Heat Therapy,https://pubmed.ncbi.nlm.nih.gov/39049501/
39041620,Self-management of primary dysmenorrhea-related pain: cross-sectional study on non-pharmacological interventions.,2024,Pain management,Other research,10.1080/17581869.2024.2376519,Sauna & Heat Therapy,https://pubmed.ncbi.nlm.nih.gov/39041620/
39013840,"The effect of massage on cramp frequency, cramp severity, and sleep quality of hemodialysis patients: A randomized controlled trial.",2024,Hemodialysis international. International Symposium on Home Hemodialysis,Randomized controlled trial,10.1111/hdi.13169,Massage Therapy,https://pubmed.ncbi.nlm.nih.gov/39013840/
39009692,Far-infrared therapy promotes exercise capacity and glucose metabolism in mice by modulating microbiota homeostasis and activating AMPK.,2024,Scientific reports,Other research,10.1038/s41598-024-67220-5,Infrared Sauna,https://pubmed.ncbi.nlm.nih.gov/39009692/
39008297,"Use of Massage Therapy for Pain, 2018-2023: A Systematic Review.",2024,JAMA network open,Systematic review / meta-analysis,10.1001/jamanetworkopen.2024.22259,Massage Therapy,https://pubmed.ncbi.nlm.nih.gov/39008297/
39006297,Effects of contrast water therapy on proprioception of the knee joint and degree of fatigue in sprinters after high intensity training.,2024,American journal of translational research,Other research,10.62347/VGSH1115,Contrast Therapy,https://pubmed.ncbi.nlm.nih.gov/39006297/
39005893,Analysis of infrared radiation emitted by moxibustion devices made of different materials using Fourier transform infrared spectroscopy.,2024,Heliyon,Other research,10.1016/j.heliyon.2024.e33221,Infrared Sauna,https://pubmed.ncbi.nlm.nih.gov/39005893/
38986264,Efficacy of photobiomodulation following L-PRF application for recovery of mental nerve neurosensory disturbances caused by genioplasty: A randomized triple-blind clinical trial.,2024,"Journal of photochemistry and photobiology. B, Biology",Randomized controlled trial,10.1016/j.jphotobiol.2024.112973,Exercise Recovery,https://pubmed.ncbi.nlm.nih.gov/38986264/
38981156,Lifestyle and integrative oncology interventions for cancer-related fatigue and sleep disturbances.,2024,Maturitas,Other research,10.1016/j.maturitas.2024.108056,Massage Therapy,https://pubmed.ncbi.nlm.nih.gov/38981156/
38977653,Association between Hispanic Ethnicity and Greater Expectation of Benefit from Acupuncture or Massage for Pain in Cancer.,2024,Journal of immigrant and minority health,Randomized controlled trial,10.1007/s10903-024-01611-8,Massage Therapy,https://pubmed.ncbi.nlm.nih.gov/38977653/
38970776,Post-exercise hot or cold water immersion does not alter perception of effort or neuroendocrine responses during subsequent moderate-intensity exercise.,2024,Experimental physiology,Other research,10.1113/EP091932,Exercise Recovery,https://pubmed.ncbi.nlm.nih.gov/38970776/
38967392,Hot But Not Cold Water Immersion Mitigates the Decline in Rate of Force Development Following Exercise-Induced Muscle Damage.,2024,Medicine and science in sports and exercise,Randomized controlled trial,10.1249/MSS.0000000000003513,Exercise Recovery,https://pubmed.ncbi.nlm.nih.gov/38967392/
38967358,"Utility of Body Weight, Urine Color, and Thirst Perception (WUT) in Determining Hydration in Young Adults.",2024,Medicine and science in sports and exercise,Randomized controlled trial,10.1249/MSS.0000000000003514,Sauna & Heat Therapy,https://pubmed.ncbi.nlm.nih.gov/38967358/
38940733,Photobiomodulation Treatment with a Home-Use Device for COVID-19: A Randomized Controlled Trial for Efficacy and Safety.,2024,"Photobiomodulation, photomedicine, and laser surgery",Randomized controlled trial,10.1089/pho.2023.0179,Exercise Recovery,https://pubmed.ncbi.nlm.nih.gov/38940733/
38934100,"Combining red photobiomodulation therapy with polydioxanone threads for wrinkle reduction in the glabella region: A randomized, controlled, double-blind clinical trial.",2024,Journal of biophotonics,Randomized controlled trial,10.1002/jbio.202400139,Exercise Recovery,https://pubmed.ncbi.nlm.nih.gov/38934100/
38933969,A evidence-based approach to selecting post-exercise cryostimulation techniques for improving exercise performance and fatigue recovery: A systematic review and meta-analysis.,2024,Heliyon,Other research,10.1016/j.heliyon.2024.e32196,Contrast Therapy,https://pubmed.ncbi.nlm.nih.gov/38933969/
38929593,Clinical Impact of Thermotherapy and Spinal Twisting Massage on Chronic Non-Specific Spinal Pain.,2024,"Medicina (Kaunas, Lithuania)",Other research,10.3390/medicina60060976,Sauna & Heat Therapy,https://pubmed.ncbi.nlm.nih.gov/38929593/
38905700,A systematic review of manual therapy modalities and anxiety.,2024,Journal of osteopathic medicine,Systematic review / meta-analysis,10.1515/jom-2024-0001,Massage Therapy,https://pubmed.ncbi.nlm.nih.gov/38905700/
38900722,The Effect of Delayed Photobiomodulation Therapy on Inferior Alveolar Nerve Recovery After Third Molar Removal: A Triple-Blinded Randomized Clinical Trial.,2024,"Photobiomodulation, photomedicine, and laser surgery",Randomized controlled trial,10.1089/pho.2024.0016,Exercise Recovery,https://pubmed.ncbi.nlm.nih.gov/38900722/
38877722,Effect of aromatic massage on brain waves and physiological indices of older adults.,2024,Psychogeriatrics : the official journal of the Japanese Psychogeriatric Society,Other research,10.1111/psyg.13153,Massage Therapy,https://pubmed.ncbi.nlm.nih.gov/38877722/
38854440,Case Report: Recalcitrant oral lichen planus involving bilaterally buccal mucosae treated with a combination of photodynamic and photobiomodulation therapies.,2024,F1000Research,Other research,10.12688/f1000research.146733.1,Exercise Recovery,https://pubmed.ncbi.nlm.nih.gov/38854440/
38843272,A randomized controlled safety and feasibility trial of floatation-REST in anxious and depressed individuals.,2024,PloS one,Randomized controlled trial,10.1371/journal.pone.0286899,Floatation Therapy,https://pubmed.ncbi.nlm.nih.gov/38843272/
38840118,Oil-soluble contrast medium bathing attenuated endometrial inflammation and improved endometrial receptivity in women with recurrent implantation failure: a descriptive study.,2024,BMC women's health,Other research,10.1186/s12905-024-03160-6,Contrast Therapy,https://pubmed.ncbi.nlm.nih.gov/38840118/
38837237,Interventions for postburn pruritus.,2024,The Cochrane database of systematic reviews,Systematic review / meta-analysis,10.1002/14651858.CD013468.pub2,Massage Therapy,https://pubmed.ncbi.nlm.nih.gov/38837237/
38836690,Enhancing Cardiorespiratory Fitness Through Sauna Bathing: Insights From the Kuopio Ischemic Heart Disease Prospective Study.,2024,Journal of cardiopulmonary rehabilitation and prevention,Other research,10.1097/HCR.0000000000000876,Sauna & Heat Therapy,https://pubmed.ncbi.nlm.nih.gov/38836690/
38834451,Prevalence and determinants of massage therapy use in the U.S.: Findings from the 2022 National Health Interview Survey.,2024,"Explore (New York, N.Y.)",Other research,10.1016/j.explore.2024.05.013,Massage Therapy,https://pubmed.ncbi.nlm.nih.gov/38834451/
38819613,"Acute dose-response effect of photobiomodulation therapy on 5-km running performance in trained runners: a randomized, double-blind, placebo-controlled, crossover study.",2024,Lasers in medical science,Randomized controlled trial,10.1007/s10103-024-04099-8,Exercise Recovery,https://pubmed.ncbi.nlm.nih.gov/38819613/
38816453,External auricle temperature enhances ear-based wearable accuracy during physiological strain monitoring in the heat.,2024,Scientific reports,Other research,10.1038/s41598-024-63241-2,Sauna & Heat Therapy,https://pubmed.ncbi.nlm.nih.gov/38816453/
38805404,Optimal Duration of Cold and Heat Compression for Forearm Muscle Biomechanics in Mixed Martial Arts Athletes: A Comparative Study.,2024,Medical science monitor : international medical journal of experimental and clinical research,Observational research,10.12659/MSM.944149,Contrast Therapy,https://pubmed.ncbi.nlm.nih.gov/38805404/
38789402,Adjusting laser power to control the heat generated by nanoparticles at the site of a patient's cells.,2024,IET systems biology,Other research,10.1049/syb2.12093,Sauna & Heat Therapy,https://pubmed.ncbi.nlm.nih.gov/38789402/
38787794,Enhanced Recovery of Local Anesthesia in Pediatric Patients: The Impact of Photobiomodulation on Reversing Anesthesia Effects.,2024,Medical science monitor : international medical journal of experimental and clinical research,Randomized controlled trial,10.12659/MSM.941928,Exercise Recovery,https://pubmed.ncbi.nlm.nih.gov/38787794/
38775794,Resistance Training in the Heat: Mechanisms of Hypertrophy and Performance Enhancement.,2024,Journal of strength and conditioning research,Other research,10.1519/JSC.0000000000004815,Sauna & Heat Therapy,https://pubmed.ncbi.nlm.nih.gov/38775794/
38763575,Effects of photobiomodulation applied at different times on functional performance and ergogenic response of rugby athletes: Randomized clinical trial.,2024,Journal of bodywork and movement therapies,Randomized controlled trial,10.1016/j.jbmt.2023.11.052,Exercise Recovery,https://pubmed.ncbi.nlm.nih.gov/38763575/
38758297,Can pre-exercise photobiomodulation improve muscle endurance and promote recovery from muscle strength and injuries in people with different activity levels? A meta-analysis of randomized controlled trials.,2024,Lasers in medical science,Systematic review / meta-analysis,10.1007/s10103-024-04079-y,Exercise Recovery,https://pubmed.ncbi.nlm.nih.gov/38758297/
38757732,Effects of Aromatherapy on Anxiety and Blood Pressure in Patients with Acute Coronary Syndrome: A Meta-Analysis of Randomized Controlled Trials.,2024,Journal of integrative and complementary medicine,Systematic review / meta-analysis,10.1089/jicm.2023.0577,Massage Therapy,https://pubmed.ncbi.nlm.nih.gov/38757732/
38753701,Mathematical modeling of heat transfer in tissues with skin tumor during thermotherapy.,2024,PloS one,Other research,10.1371/journal.pone.0298256,Sauna & Heat Therapy,https://pubmed.ncbi.nlm.nih.gov/38753701/
38747373,Emotional Regulation as a Transdiagnostic Process of Emotional Disorders in Therapy: A Systematic Review and Meta-Analysis.,2024,Clinical psychology & psychotherapy,Systematic review / meta-analysis,10.1002/cpp.2997,Floatation Therapy,https://pubmed.ncbi.nlm.nih.gov/38747373/
38737858,Can platform use patterns be an indicator of HIV-related risk and sub-group heterogeneity among men who have sex with men in Singapore: a latent class analysis.,2024,Frontiers in public health,Other research,10.3389/fpubh.2024.1330282,Sauna & Heat Therapy,https://pubmed.ncbi.nlm.nih.gov/38737858/
38734047,Alternating Hot-Cold Water Immersion Facilitates Motor Function Recovery in the Paretic Upper Limb After Stroke: A Pilot Randomized Controlled Trial.,2024,Archives of physical medicine and rehabilitation,Randomized controlled trial,10.1016/j.apmr.2024.05.008,Exercise Recovery,https://pubmed.ncbi.nlm.nih.gov/38734047/
38724575,Effect of hyperthermia on simulated muscle activation in female when crossing obstacle.,2024,Scientific reports,Other research,10.1038/s41598-024-61536-y,Sauna & Heat Therapy,https://pubmed.ncbi.nlm.nih.gov/38724575/
38718442,Frequent sauna bathing and psychosis: Interrelationship with cardiorespiratory fitness.,2024,Journal of psychiatric research,Other research,10.1016/j.jpsychires.2024.04.044,Sauna & Heat Therapy,https://pubmed.ncbi.nlm.nih.gov/38718442/
38716581,"Association of MTHFR (C677T, A1298C) and MTRR A66G polymorphisms with fatty acids profile and risk of neural tube defects.",2024,Birth defects research,Other research,10.1002/bdr2.2333,Sauna & Heat Therapy,https://pubmed.ncbi.nlm.nih.gov/38716581/
38701244,The effect of massage on patients with chronic fatigue syndrome: A systematic review and meta-analysis.,2024,Medicine,Systematic review / meta-analysis,10.1097/MD.0000000000037973,Massage Therapy,https://pubmed.ncbi.nlm.nih.gov/38701244/
38671801,Characteristics of Far-Infrared Ray Emitted from Functional Loess Bio-Balls and Its Effect on Improving Blood Flow.,2024,"Bioengineering (Basel, Switzerland)",Other research,10.3390/bioengineering11040380,Infrared Sauna,https://pubmed.ncbi.nlm.nih.gov/38671801/
38671340,Factors associated with Cryptosporidium in men who have sex with men: A systematic review.,2024,International journal of STD & AIDS,Systematic review / meta-analysis,10.1177/09564624241249203,Sauna & Heat Therapy,https://pubmed.ncbi.nlm.nih.gov/38671340/
38665655,Antidiabetic Close Loop Based on Wearable DNA-Hydrogel Glucometer and Implantable Optogenetic Cells.,2024,JACS Au,Other research,10.1021/jacsau.4c00033,Infrared Sauna,https://pubmed.ncbi.nlm.nih.gov/38665655/
38654586,"Heavy menstrual bleeding and dysmenorrhea in adolescents: A systematic review of self-management strategies, quality of life, and unmet needs.",2024,International journal of gynaecology and obstetrics: the official organ of the International Federation of Gynaecology and Obstetrics,Systematic review / meta-analysis,10.1002/ijgo.15554,Sauna & Heat Therapy,https://pubmed.ncbi.nlm.nih.gov/38654586/
38654027,Induction of altered states of consciousness during Floatation-REST is associated with the dissolution of body boundaries and the distortion of subjective time.,2024,Scientific reports,Randomized controlled trial,10.1038/s41598-024-59642-y,Floatation Therapy,https://pubmed.ncbi.nlm.nih.gov/38654027/
38649771,"Effects of different treatments on pain, functional disability, position sense and range of motion in elite bodybuilders with chronic low back pain.",2024,Scientific reports,Other research,10.1038/s41598-024-59684-2,Massage Therapy,https://pubmed.ncbi.nlm.nih.gov/38649771/
38632831,"Exertional Heatstroke Survivors' Knowledge and Beliefs About Exertional Heatstroke Diagnosis, Treatment, and Return to Play.",2024,Journal of athletic training,Other research,10.4085/1062-6050-0677.23,Exercise Recovery,https://pubmed.ncbi.nlm.nih.gov/38632831/
38614054,Effects of photobiomodulation therapy on muscle function in individuals with multiple sclerosis.,2024,Multiple sclerosis and related disorders,Randomized controlled trial,10.1016/j.msard.2024.105598,Exercise Recovery,https://pubmed.ncbi.nlm.nih.gov/38614054/
38613440,Prognostic indicators of outcome in nonambulatory beef cattle presented to 2 referral hospitals: A retrospective study of 63 cases.,2024,Journal of veterinary internal medicine,Other research,10.1111/jvim.17086,Floatation Therapy,https://pubmed.ncbi.nlm.nih.gov/38613440/
38567306,Diabetes in spotlight: current knowledge and perspectives of photobiomodulation utilization.,2024,Frontiers in endocrinology,Other research,10.3389/fendo.2024.1303638,Exercise Recovery,https://pubmed.ncbi.nlm.nih.gov/38567306/
38556845,Effects of far-infrared radiation lamp therapy on recovery from a simulated soccer-match in elite female soccer players.,2024,Scandinavian journal of medicine & science in sports,Other research,10.1111/sms.14615,Infrared Sauna,https://pubmed.ncbi.nlm.nih.gov/38556845/
38548939,Effects of post-exercise cold-water immersion on performance and perceptive outcomes of competitive adolescent swimmers.,2024,European journal of applied physiology,Randomized controlled trial,10.1007/s00421-024-05462-x,Exercise Recovery,https://pubmed.ncbi.nlm.nih.gov/38548939/
38540640,The Healthspan Project: A Retrospective Pilot of Biomarkers and Biometric Outcomes after a 6-Month Multi-Modal Wellness Intervention.,2024,"Healthcare (Basel, Switzerland)",Other research,10.3390/healthcare12060676,Infrared Sauna,https://pubmed.ncbi.nlm.nih.gov/38540640/
38532698,Examining the Impact of Far-Infrared Technology on Quality of Life in Older Adults.,2024,International journal of aging & human development,Other research,10.1177/00914150241231188,Infrared Sauna|Sauna & Heat Therapy,https://pubmed.ncbi.nlm.nih.gov/38532698/
38530508,Far-Infrared Therapy Based on Graphene Ameliorates High-Fat Diet-Induced Anxiety-Like Behavior in Obese Mice via Alleviating Intestinal Barrier Damage and Neuroinflammation.,2024,Neurochemical research,Other research,10.1007/s11064-024-04133-9,Infrared Sauna,https://pubmed.ncbi.nlm.nih.gov/38530508/
38528599,Local alternating heat and cold stimulation affects hemodynamics and oxygenation in fatigued muscle tissue and autonomic nervous activity: a single-arm interventional study.,2024,Journal of physiological anthropology,Other research,10.1186/s40101-024-00358-3,Contrast Therapy,https://pubmed.ncbi.nlm.nih.gov/38528599/
38526158,A Graphene Composite Film Based Wearable Far-Infrared Therapy Apparatus (GRAFT) for Effective Prevention of Postoperative Peritoneal Adhesion.,2024,"Advanced science (Weinheim, Baden-Wurttemberg, Germany)",Other research,10.1002/advs.202309330,Infrared Sauna,https://pubmed.ncbi.nlm.nih.gov/38526158/
38525107,Efficacy of far infrared functional glasses in the treatment of meibomian gland dysfunction-related dry eye.,2024,MedComm,Other research,10.1002/mco2.507,Infrared Sauna,https://pubmed.ncbi.nlm.nih.gov/38525107/
38498472,LEDT and Idebenone treatment modulate autophagy and improve regenerative capacity in the dystrophic muscle through an AMPK-pathway.,2024,PloS one,Other research,10.1371/journal.pone.0300006,Exercise Recovery,https://pubmed.ncbi.nlm.nih.gov/38498472/
38494347,Effectiveness of Dry Heat Versus Moist Heat Modalities on Pain Intensity and Wound Healing of Episiotomies Among Postnatal Women: A Systematic Review and Meta-Analysis.,2024,Pain management nursing : official journal of the American Society of Pain Management Nurses,Systematic review / meta-analysis,10.1016/j.pmn.2024.02.002,Sauna & Heat Therapy,https://pubmed.ncbi.nlm.nih.gov/38494347/
38484434,Massage therapy for hospital-based nurses: A proof-of-concept study.,2024,Complementary therapies in clinical practice,Other research,10.1016/j.ctcp.2024.101846,Massage Therapy,https://pubmed.ncbi.nlm.nih.gov/38484434/
38474349,"Traumatic Brain Injury Recovery with Photobiomodulation: Cellular Mechanisms, Clinical Evidence, and Future Potential.",2024,Cells,Other research,10.3390/cells13050385,Exercise Recovery,https://pubmed.ncbi.nlm.nih.gov/38474349/
38451393,Comparative Efficacy of Mind-Body Exercise for Treating Chronic Non-Specific Neck Pain: A Systematic Review and Network Meta-Analysis.,2024,Current pain and headache reports,Systematic review / meta-analysis,10.1007/s11916-024-01218-6,Sauna & Heat Therapy,https://pubmed.ncbi.nlm.nih.gov/38451393/
38447812,Fibroblast function recovery through rejuvenation effect of nanovesicles extracted from human adipose-derived stem cells irradiated with red light.,2024,Journal of controlled release : official journal of the Controlled Release Society,Other research,10.1016/j.jconrel.2024.02.047,Exercise Recovery,https://pubmed.ncbi.nlm.nih.gov/38447812/
38424663,Single-Atom Cu Nanozyme-Loaded Bone Scaffolds for Ferroptosis-Synergized Mild Photothermal Therapy in Osteosarcoma Treatment.,2024,Advanced healthcare materials,Other research,10.1002/adhm.202304595,Sauna & Heat Therapy,https://pubmed.ncbi.nlm.nih.gov/38424663/
38410962,Sauna bathing and mortality risk: unraveling the interaction with systolic blood pressure in a cohort of Finnish men.,2024,Scandinavian cardiovascular journal : SCJ,Other research,10.1080/14017431.2024.2302159,Sauna & Heat Therapy,https://pubmed.ncbi.nlm.nih.gov/38410962/
38386639,Knowns and unknowns about the neurobiology of stuttering.,2024,PLoS biology,Other research,10.1371/journal.pbio.3002492,Contrast Therapy,https://pubmed.ncbi.nlm.nih.gov/38386639/
38376628,Efficacy of photobiomodulation therapy in recurrent herpes labialis management: a randomized controlled trial.,2024,Clinical oral investigations,Randomized controlled trial,10.1007/s00784-024-05541-5,Exercise Recovery,https://pubmed.ncbi.nlm.nih.gov/38376628/
38374996,"Therapeutic strategies based on non-ionizing radiation to prevent venous neointimal hyperplasia: the relevance for stenosed arteriovenous fistula, and the role of vascular compliance.",2024,Frontiers in cardiovascular medicine,Other research,10.3389/fcvm.2024.1356671,Infrared Sauna,https://pubmed.ncbi.nlm.nih.gov/38374996/
38363078,"Immediate effects of myofascial release to the pectoral fascia on posture, range of motion, and muscle excitation: a crossover randomized clinical trial.",2024,The Journal of manual & manipulative therapy,Randomized controlled trial,10.1080/10669817.2024.2316414,Massage Therapy,https://pubmed.ncbi.nlm.nih.gov/38363078/
38350160,Eyelid margin disease (blepharitis and meibomian gland dysfunction): clinical review of evidence-based and emerging treatments.,2024,Journal of cataract and refractive surgery,Other research,10.1097/j.jcrs.0000000000001414,Sauna & Heat Therapy,https://pubmed.ncbi.nlm.nih.gov/38350160/
38336527,Nonpharmacologic Therapies for Postoperative Pain in Cardiac Surgery: A Systematic Review.,2024,Pain management nursing : official journal of the American Society of Pain Management Nurses,Systematic review / meta-analysis,10.1016/j.pmn.2023.12.007,Massage Therapy,https://pubmed.ncbi.nlm.nih.gov/38336527/
38295923,Outcome of curcumin-based photodynamic therapy in endodontic microsurgery: A case report.,2024,Photodiagnosis and photodynamic therapy,Other research,10.1016/j.pdpdt.2024.103994,Exercise Recovery,https://pubmed.ncbi.nlm.nih.gov/38295923/
38288650,Exploring the Safety and Efficacy of Organic Light-Emitting Diode in Skin Rejuvenation and Wound Healing.,2024,Yonsei medical journal,Other research,10.3349/ymj.2023.0125,Exercise Recovery,https://pubmed.ncbi.nlm.nih.gov/38288650/
38281244,Sex-specific microvascular and hemodynamic responses to passive limb heating in young adults.,2024,"Microcirculation (New York, N.Y. : 1994)",Other research,10.1111/micc.12848,Sauna & Heat Therapy,https://pubmed.ncbi.nlm.nih.gov/38281244/
38271083,The vascular response to acute sauna heating is similar in young and middle-aged adults.,2024,"Journal of applied physiology (Bethesda, Md. : 1985)",Other research,10.1152/japplphysiol.00287.2023,Exercise Recovery,https://pubmed.ncbi.nlm.nih.gov/38271083/
38219080,The Effects of Actively Warming the Patient on Maternal and Infant Well-Being in a Cesarean Section Operation.,2024,Journal of perianesthesia nursing : official journal of the American Society of PeriAnesthesia Nurses,Randomized controlled trial,10.1016/j.jopan.2023.08.008,Sauna & Heat Therapy,https://pubmed.ncbi.nlm.nih.gov/38219080/
38161284,Micro-CT and high-field MRI for studying very early post-mortem human fetal anatomy at 8 weeks of gestation.,2024,Prenatal diagnosis,Other research,10.1002/pd.6489,Contrast Therapy,https://pubmed.ncbi.nlm.nih.gov/38161284/
38157043,Acute self-myofascial release modulates cardiac autonomic function and hemodynamic parameters at rest and reduces cardiovascular stress reaction.,2024,European journal of applied physiology,Randomized controlled trial,10.1007/s00421-023-05382-2,Massage Therapy,https://pubmed.ncbi.nlm.nih.gov/38157043/
38150671,Temperature-Dependent Relationship of Autophagy and Apoptotic Signaling During Cold-Water Immersion in Young and Older Males.,2024,Advanced biology,Other research,10.1002/adbi.202300560,Exercise Recovery,https://pubmed.ncbi.nlm.nih.gov/38150671/
38150321,Australian National Complementary Medicine Workforce Survey: A Profile of Practitioners and Their Practices.,2024,Journal of integrative and complementary medicine,Other research,10.1089/jicm.2023.0443,Massage Therapy,https://pubmed.ncbi.nlm.nih.gov/38150321/
38131460,Comment on effect of massage therapy on sleep quality in critically ill patients.,2024,Journal of clinical nursing,Other research,10.1111/jocn.16977,Massage Therapy,https://pubmed.ncbi.nlm.nih.gov/38131460/
38129698,Physiological mechanisms associated with the use of a passive heat intervention: positive implications for soccer substitutes.,2024,European journal of applied physiology,Other research,10.1007/s00421-023-05381-3,Sauna & Heat Therapy,https://pubmed.ncbi.nlm.nih.gov/38129698/
38109199,Photobiomodulation and Vascularization in Conduit-Based Peripheral Nerve Repair: A Narrative Review.,2024,"Photobiomodulation, photomedicine, and laser surgery",Other research,10.1089/photob.2023.0103,Exercise Recovery,https://pubmed.ncbi.nlm.nih.gov/38109199/
38108635,Mapping Evidence-Based Non-Opioid and Non-Pharmacological Pain Management Modalities Across Minnesota: The Non-Opioid Pain Alleviation Information Network Project.,2024,Journal of integrative and complementary medicine,Other research,10.1089/jicm.2023.0031,Massage Therapy,https://pubmed.ncbi.nlm.nih.gov/38108635/
38088927,Muscle Cooling Before and in the Middle of a Session: There Are Benefits on Subsequent Localized Endurance Performance in a Warm Environment.,2024,Journal of strength and conditioning research,Controlled / clinical trial,10.1519/JSC.0000000000004641,Exercise Recovery,https://pubmed.ncbi.nlm.nih.gov/38088927/
37917978,Pulsed Red and Blue Photobiomodulation for the Treatment of Thigh Contusions and Soft Tissue Injury: A Randomized Controlled Trial.,2024,Journal of sport rehabilitation,Randomized controlled trial,10.1123/jsr.2022-0334,Exercise Recovery,https://pubmed.ncbi.nlm.nih.gov/37917978/
37839928,Utilization of massage chairs for promoting overall health and wellness: A rapid scoping review.,2024,"Explore (New York, N.Y.)",Other research,10.1016/j.explore.2023.10.002,Massage Therapy,https://pubmed.ncbi.nlm.nih.gov/37839928/
37806925,The effects of massage therapy and white noise application on premature infants' sleep.,2024,"Explore (New York, N.Y.)",Randomized controlled trial,10.1016/j.explore.2023.09.002,Massage Therapy,https://pubmed.ncbi.nlm.nih.gov/37806925/
37754676,Influence of physical post-exercise recovery techniques on vagally-mediated heart rate variability: A systematic review and meta-analysis.,2024,Clinical physiology and functional imaging,Systematic review / meta-analysis,10.1111/cpf.12855,Exercise Recovery,https://pubmed.ncbi.nlm.nih.gov/37754676/
37431170,The effectiveness and safety of heat/cold therapy in adults with lymphoedema: systematic review.,2024,Disability and rehabilitation,Systematic review / meta-analysis,10.1080/09638288.2023.2231842,Sauna & Heat Therapy,https://pubmed.ncbi.nlm.nih.gov/37431170/
37347152,Cold-Water Immersion and Lower Limb Muscle Oxygen Consumption as Measured by Near-Infrared Spectroscopy in Trained Endurance Athletes.,2024,Journal of athletic training,Other research,10.4085/1062-6050-0532.22,Exercise Recovery,https://pubmed.ncbi.nlm.nih.gov/37347152/
30999382,The Lowering of Bilirubin Levels in Full-Term Newborns by the Effect of Combined Massage Therapy and Phototherapy Practice.,2024,American journal of perinatology,Randomized controlled trial,10.1055/s-0039-1685493,Massage Therapy,https://pubmed.ncbi.nlm.nih.gov/30999382/
38873094,Reduced Environmental Stimulation Therapy (REST) in anxiety and depression: An experience sampling study.,2023,Journal of mood and anxiety disorders,Other research,10.1016/j.xjmad.2023.100003,Floatation Therapy,https://pubmed.ncbi.nlm.nih.gov/38873094/
38259334,The combination of accent method and phonemic contrast: an innovative strategy to improve speech production on post-stroke dysarthria.,2023,Frontiers in human neuroscience,Other research,10.3389/fnhum.2023.1298974,Contrast Therapy,https://pubmed.ncbi.nlm.nih.gov/38259334/
38150056,Effects of photobiomodulation therapy on the functional performance of healthy individuals: a systematic review with meta-analysis.,2023,Lasers in medical science,Systematic review / meta-analysis,10.1007/s10103-023-03956-2,Exercise Recovery,https://pubmed.ncbi.nlm.nih.gov/38150056/
38133099,The Effect of Contrast Water Therapy on Dehydration during Endurance Training Camps in Moderate-Altitude Environments.,2023,"Sports (Basel, Switzerland)",Other research,10.3390/sports11120232,Contrast Therapy,https://pubmed.ncbi.nlm.nih.gov/38133099/
38132459,Amelioration of Motor Performance and Nigrostriatal Dopamine Cell Volume Using a Novel Far-Infrared Ceramic Blanket in an A53T Alpha-Synuclein Transgenic Parkinson's Disease Mouse Model.,2023,Current issues in molecular biology,Other research,10.3390/cimb45120613,Infrared Sauna,https://pubmed.ncbi.nlm.nih.gov/38132459/
38021788,"The Effect of Contrast Bath Therapy and Knee Pad Device on Pain, Range of Motion, and Functional Disability in Patients With Osteoarthritis Knee: A Randomized Control Trial.",2023,Cureus,Other research,10.7759/cureus.47586,Contrast Therapy,https://pubmed.ncbi.nlm.nih.gov/38021788/
37936658,The impact of floatation therapy on body image and anxiety in anorexia nervosa: a randomised clinical efficacy trial.,2023,EClinicalMedicine,Other research,10.1016/j.eclinm.2023.102173,Floatation Therapy,https://pubmed.ncbi.nlm.nih.gov/37936658/
37922826,Heatwaves and human sleep: Stress response versus adaptation.,2023,Journal of the neurological sciences,Other research,10.1016/j.jns.2023.120862,Sleep & Passive Heating,https://pubmed.ncbi.nlm.nih.gov/37922826/
37873631,Far-Infrared Irradiation Decreases Proliferation in Basal and PDGF-Stimulated VSMCs Through AMPK-Mediated Inhibition of mTOR/p70S6K Signaling Axis.,2023,Journal of Korean medical science,Other research,10.3346/jkms.2023.38.e335,Infrared Sauna,https://pubmed.ncbi.nlm.nih.gov/37873631/
37869944,Far-infrared treatment of experimental sinusitis in rabbits: a pilot study.,2023,European review for medical and pharmacological sciences,Other research,10.26355/eurrev_202310_34066,Infrared Sauna,https://pubmed.ncbi.nlm.nih.gov/37869944/
37753529,Effect of far-infrared therapy device on arteriovenous fistula maturation and lifespan in hemodialysis patients: a randomized controlled clinical trial.,2023,Frontiers in surgery,Other research,10.3389/fsurg.2023.1260979,Infrared Sauna,https://pubmed.ncbi.nlm.nih.gov/37753529/
37746066,Effect of far-infrared radiation therapy on von Willebrand factor in patients with chronic kidney disease.,2023,Frontiers in medicine,Other research,10.3389/fmed.2023.1268212,Infrared Sauna,https://pubmed.ncbi.nlm.nih.gov/37746066/
37529609,Correlation analysis between sleep quality and the mental health status of female sex workers during the COVID-19 pandemic in Hubei Province.,2023,Frontiers in endocrinology,Other research,10.3389/fendo.2023.1193266,Sleep & Passive Heating,https://pubmed.ncbi.nlm.nih.gov/37529609/
37398966,A post-exercise infrared sauna session improves recovery of neuromuscular performance and muscle soreness after resistance exercise training.,2023,Biology of sport,Other research,10.5114/biolsport.2023.119289,Infrared Sauna,https://pubmed.ncbi.nlm.nih.gov/37398966/
37393218,Energetic responses of head-out water immersion at different temperatures during post-exercise recovery and its consequence on anaerobic mechanical power.,2023,European journal of applied physiology,Other research,10.1007/s00421-023-05265-6,Exercise Recovery,https://pubmed.ncbi.nlm.nih.gov/37393218/
37333146,A randomized controlled safety and feasibility trial of floatation-REST in anxious and depressed individuals.,2023,medRxiv : the preprint server for health sciences,Other research,10.1101/2023.05.27.23290633,Floatation Therapy,https://pubmed.ncbi.nlm.nih.gov/37333146/
37043600,"Acute Performance, Daily Well-Being, and Hormone Responses to Water Immersion After Resistance Exercise in Junior International and Subelite Male Volleyball Athletes.",2023,Journal of strength and conditioning research,Other research,10.1519/JSC.0000000000004428,Contrast Therapy,https://pubmed.ncbi.nlm.nih.gov/37043600/
37022519,Use of lasers in gastrointestinal endoscopy: a review of the literature.,2023,Lasers in medical science,Other research,10.1007/s10103-023-03755-9,Infrared Sauna,https://pubmed.ncbi.nlm.nih.gov/37022519/
36978772,Effects of a Graphene Heating Device on Fatigue Recovery of Biceps Brachii.,2023,"Bioengineering (Basel, Switzerland)",Other research,10.3390/bioengineering10030381,Infrared Sauna,https://pubmed.ncbi.nlm.nih.gov/36978772/
36825876,Effects of far-infrared radiation lamp therapy on recovery from muscle damage induced by eccentric exercise.,2023,European journal of sport science,Other research,10.1080/17461391.2023.2185163,Infrared Sauna,https://pubmed.ncbi.nlm.nih.gov/36825876/
36527593,"Effects of Cold-Water Immersion Compared with Other Recovery Modalities on Athletic Performance Following Acute Strenuous Exercise in Physically Active Participants: A Systematic Review, Meta-Analysis, and Meta-Regression.",2023,"Sports medicine (Auckland, N.Z.)",Systematic review / meta-analysis,10.1007/s40279-022-01800-1,Contrast Therapy,https://pubmed.ncbi.nlm.nih.gov/36527593/
36516689,Detections of organophosphate and pyrethroid insecticide metabolites in urine and sweat obtained from women during infrared sauna and exercise: A pilot crossover study.,2023,International journal of hygiene and environmental health,Randomized controlled trial,10.1016/j.ijheh.2022.114091,Infrared Sauna,https://pubmed.ncbi.nlm.nih.gov/36516689/
36472312,Prognostic indicators for survival of downer cattle treated using a flotation tank in a referral hospital: 190 cases (2000-2020).,2023,Journal of veterinary internal medicine,Other research,10.1111/jvim.16599,Floatation Therapy,https://pubmed.ncbi.nlm.nih.gov/36472312/
36281209,Oil-based contrast for hysterosalpingography-regulated Th1/Th2-type cytokines and alleviated inflammation in rats with LPS-induced chronic endometritis.,2023,The journal of obstetrics and gynaecology research,Other research,10.1111/jog.15451,Contrast Therapy,https://pubmed.ncbi.nlm.nih.gov/36281209/
35343332,Contrast With Compression Therapy Enhances Muscle Function Recovery and Attenuates Glycogen Disruption After Exercise.,2023,Sports health,Randomized controlled trial,10.1177/19417381221080172,Contrast Therapy,https://pubmed.ncbi.nlm.nih.gov/35343332/
34715757,Acute hemodynamic changes during far infrared treatment of the arteriovenous fistula in hemodialysis patients.,2023,The journal of vascular access,Randomized controlled trial,10.1177/11297298211052864,Infrared Sauna,https://pubmed.ncbi.nlm.nih.gov/34715757/
36570829,Exploring the acute cardiovascular effects of Floatation-REST.,2022,Frontiers in neuroscience,Other research,10.3389/fnins.2022.995594,Floatation Therapy,https://pubmed.ncbi.nlm.nih.gov/36570829/
36274079,A pilot study on the effects of far-infrared-emitting fabric on neuromuscular performance of knee extensor and male fertility.,2022,Lasers in medical science,Randomized controlled trial,10.1007/s10103-022-03657-2,Infrared Sauna,https://pubmed.ncbi.nlm.nih.gov/36274079/
36183478,"International, multidisciplinary Delphi consensus recommendations on non-pharmacological interventions for fibromyalgia.",2022,Seminars in arthritis and rheumatism,Other research,10.1016/j.semarthrit.2022.152101,Sleep & Passive Heating,https://pubmed.ncbi.nlm.nih.gov/36183478/
36135034,"Cryotherapy on Subjective Sleep Quality, Muscle, and Inflammatory Response in Chinese Middle- and Long-Distance Runners After Muscle Damage.",2022,Journal of strength and conditioning research,Other research,10.1519/JSC.0000000000003946,Contrast Therapy,https://pubmed.ncbi.nlm.nih.gov/36135034/
36094449,"A comparison of medium-term heat acclimation by post-exercise hot water immersion or exercise in the heat: adaptations, overreaching, and thyroid hormones.",2022,"American journal of physiology. Regulatory, integrative and comparative physiology",Other research,10.1152/ajpregu.00315.2021,Sleep & Passive Heating,https://pubmed.ncbi.nlm.nih.gov/36094449/
36051417,"Chronic Supraspinatus Tendonitis Pain: An Integrative Approach for Treatment with Cross-Fiber Massage, Electroacupuncture, Far-Infrared Heat, and Photobiomodulation.",2022,Medical acupuncture,Other research,10.1089/acu.2022.0041,Infrared Sauna,https://pubmed.ncbi.nlm.nih.gov/36051417/
36046309,A Review on Osteoarthritis Knee Management via Contrast Bath Therapy and Physical Therapy.,2022,Cureus,Other research,10.7759/cureus.27381,Contrast Therapy,https://pubmed.ncbi.nlm.nih.gov/36046309/
36043965,Use of a non-medicated plaster in chronic lumbar back pain: a randomized controlled trial.,2022,Acta bio-medica : Atenei Parmensis,Randomized controlled trial,10.23750/abm.v93i4.12931,Infrared Sauna,https://pubmed.ncbi.nlm.nih.gov/36043965/
35949385,"The Effects on Knee Swelling, Range of Motion and Pain using a Commercially Available Hot/Cold Contrast Device in a Rehabilitation and Sports Medicine Setting.",2022,International journal of sports physical therapy,Other research,10.26603/001c.37367,Contrast Therapy,https://pubmed.ncbi.nlm.nih.gov/35949385/
35894955,Effects of Far-Infrared Radiation-Lamp Therapy on Recovery From Simulated Soccer Match Running Activities in Elite Soccer Players.,2022,International journal of sports physiology and performance,Other research,10.1123/ijspp.2022-0084,Infrared Sauna,https://pubmed.ncbi.nlm.nih.gov/35894955/
35887935,Far-Infrared Therapy Improves Arteriovenous Fistula Patency and Decreases Plasma Asymmetric Dimethylarginine in Patients with Advanced Diabetic Kidney Disease: A Prospective Randomized Controlled Trial.,2022,Journal of clinical medicine,Other research,10.3390/jcm11144168,Infrared Sauna,https://pubmed.ncbi.nlm.nih.gov/35887935/
35831832,Effects of alternating heat and cold stimulation at different cooling rates using a wearable thermo device on shoulder muscle stiffness: a cross-over study.,2022,BMC musculoskeletal disorders,Controlled / clinical trial,10.1186/s12891-022-05623-z,Contrast Therapy,https://pubmed.ncbi.nlm.nih.gov/35831832/
35795613,Clinical Observation of MRI Image in Floating Needle Therapy for Cervical Spondylosis of Cervical Type.,2022,Scanning,Randomized controlled trial,10.1155/2022/1340192,Floatation Therapy,https://pubmed.ncbi.nlm.nih.gov/35795613/
35693352,Edema and hematoma after local anesthesia via posterior superior alveolar nerve block: a case report.,2022,Journal of dental anesthesia and pain medicine,Other research,10.17245/jdapm.2022.22.3.227,Contrast Therapy,https://pubmed.ncbi.nlm.nih.gov/35693352/
35680845,Contrast bath therapy for neuropathic pain due to spinal nerve root compression by myeloma: a case report.,2022,Spinal cord series and cases,Other research,10.1038/s41394-022-00526-6,Contrast Therapy,https://pubmed.ncbi.nlm.nih.gov/35680845/
35625826,Far-Infrared Therapy Decreases Orthotopic Allograft Transplantation Vasculopathy.,2022,Biomedicines,Other research,10.3390/biomedicines10051089,Infrared Sauna,https://pubmed.ncbi.nlm.nih.gov/35625826/
35389942,Acute Floatation-REST Improves Perceived Recovery After a High-Intensity Resistance Exercise Stress in Trained Men.,2022,Medicine and science in sports and exercise,Other research,10.1249/MSS.0000000000002906,Floatation Therapy,https://pubmed.ncbi.nlm.nih.gov/35389942/
35371408,A study of flotation-REST (restricted environmental stimulation therapy) as an insomnia treatment.,2022,"Sleep science (Sao Paulo, Brazil)",Other research,10.5935/1984-0063.20210012,Floatation Therapy,https://pubmed.ncbi.nlm.nih.gov/35371408/
35329948,Does Far-Infrared Therapy Improve Peritoneal Function and Reduce Recurrent Peritonitis in Peritoneal Dialysis Patients?,2022,Journal of clinical medicine,Other research,10.3390/jcm11061624,Infrared Sauna,https://pubmed.ncbi.nlm.nih.gov/35329948/
35168673,A review of Japanese-style bathing: its demerits and merits.,2022,Journal of physiological anthropology,Other research,10.1186/s40101-022-00278-0,Sleep & Passive Heating,https://pubmed.ncbi.nlm.nih.gov/35168673/
35146580,Far-infrared-emitting fabric improves neuromuscular performance of knee extensor.,2022,Lasers in medical science,Randomized controlled trial,10.1007/s10103-022-03523-1,Infrared Sauna,https://pubmed.ncbi.nlm.nih.gov/35146580/
35014172,Self-Organization Formation of Multicellular Spheroids Mediated by Mechanically Tunable Hydrogel Platform: Toward Revealing the Synergy of Chemo- and Noninvasive Photothermal Therapy against Colon Microtumor.,2022,Macromolecular bioscience,Other research,10.1002/mabi.202100498,Infrared Sauna,https://pubmed.ncbi.nlm.nih.gov/35014172/
34980256,Effects of alternating heat and cold stimulation using a wearable thermo-device on subjective and objective shoulder stiffness.,2022,Journal of physiological anthropology,Randomized controlled trial,10.1186/s40101-021-00275-9,Contrast Therapy,https://pubmed.ncbi.nlm.nih.gov/34980256/
34958875,N-methyl-d-aspartate Receptor-mediated Preconditioning Mitigates Excitotoxicity in Human Induced Pluripotent Stem Cell-derived Brain Organoids.,2022,Neuroscience,Other research,10.1016/j.neuroscience.2021.12.026,Contrast Therapy,https://pubmed.ncbi.nlm.nih.gov/34958875/
34954348,Infrared sauna as exercise-mimetic? Physiological responses to infrared sauna vs exercise in healthy women: A randomized controlled crossover trial.,2022,Complementary therapies in medicine,Randomized controlled trial,10.1016/j.ctim.2021.102798,Infrared Sauna,https://pubmed.ncbi.nlm.nih.gov/34954348/
34636405,Effect of cold and heat therapies on pain relief in patients with delayed onset muscle soreness: A network meta-analysis.,2022,Journal of rehabilitation medicine,Other research,10.2340/jrm.v53.331,Contrast Therapy,https://pubmed.ncbi.nlm.nih.gov/34636405/
34632485,Autonomic Nervous System Response to Far-Infrared Sauna Exposure in Firefighters.,2022,Annals of work exposures and health,Other research,10.1093/annweh/wxab088,Infrared Sauna,https://pubmed.ncbi.nlm.nih.gov/34632485/
34537801,"Acute Inflammatory, Anthropometric, and Perceptual (Muscle Soreness) Effects of Postresistance Exercise Water Immersion in Junior International and Subelite Male Volleyball Athletes.",2022,Journal of strength and conditioning research,Other research,10.1519/JSC.0000000000004122,Contrast Therapy,https://pubmed.ncbi.nlm.nih.gov/34537801/
34028298,Far Infrared Radiation Therapy for Gynecological Cancer-Related Lymphedema Is an Effective and Oncologically Safe Treatment: A Randomized-Controlled Trial.,2022,Lymphatic research and biology,Randomized controlled trial,10.1089/lrb.2019.0061,Infrared Sauna,https://pubmed.ncbi.nlm.nih.gov/34028298/
35059054,Successful wound healing of refractory digital ulcer in patient with systemic sclerosis by Waon therapy.,2021,Journal of cardiology cases,Other research,10.1016/j.jccase.2021.04.001,Infrared Sauna,https://pubmed.ncbi.nlm.nih.gov/35059054/
34948678,Effects of Light Pedaling Added to Contrast Water Immersion for Recovery after Exhaustive Exercise.,2021,International journal of environmental research and public health,Other research,10.3390/ijerph182413068,Contrast Therapy,https://pubmed.ncbi.nlm.nih.gov/34948678/
34944737,Far-Infrared Therapy Accelerates Diabetic Wound Healing via Recruitment of Tissue Angiogenesis in a Full-Thickness Wound Healing Model in Rats.,2021,Biomedicines,Other research,10.3390/biomedicines9121922,Infrared Sauna,https://pubmed.ncbi.nlm.nih.gov/34944737/
34929815,Care for perineal tears in vaginal delivery: An update for midwife.,2021,Gaceta sanitaria,Other research,10.1016/j.gaceta.2021.10.024,Infrared Sauna,https://pubmed.ncbi.nlm.nih.gov/34929815/
34883657,Germanium-Titanium-π Polymer Composites as Functional Textiles for Clinical Strategy to Evaluate Blood Circulation Improvement and Sexual Satisfaction.,2021,Polymers,Other research,10.3390/polym13234154,Infrared Sauna,https://pubmed.ncbi.nlm.nih.gov/34883657/
34770213,The Prevalence of Use of Various Post-Exercise Recovery Methods after Training among Elite Endurance Athletes.,2021,International journal of environmental research and public health,Other research,10.3390/ijerph182111698,Sleep & Passive Heating,https://pubmed.ncbi.nlm.nih.gov/34770213/
34674592,Feasibility and acceptability of a Whole-Body hyperthermia (WBH) protocol.,2021,"International journal of hyperthermia : the official journal of European Society for Hyperthermic Oncology, North American Hyperthermia Group",Controlled / clinical trial,10.1080/02656736.2021.1991010,Infrared Sauna,https://pubmed.ncbi.nlm.nih.gov/34674592/
34647911,"""Everything Old Is New Again"": A Review of Current Complementary and Alternative Medicine Trends.",2021,Holistic nursing practice,Other research,10.1097/HNP.0000000000000481,Floatation Therapy,https://pubmed.ncbi.nlm.nih.gov/34647911/
34564486,The Effect of Far-Infrared Therapy on the Peritoneal Membrane Transport Characteristics of Uremic Patients Undergoing Peritoneal Dialysis: An Open-Prospective Proof-of-Concept Study.,2021,Membranes,Other research,10.3390/membranes11090669,Infrared Sauna,https://pubmed.ncbi.nlm.nih.gov/34564486/
34419006,"Effect of far infrared therapy on arteriovenous fistula maturation, survival and stenosis in hemodialysis patients, a randomized, controlled clinical trial: the FAITH on fistula trial.",2021,BMC nephrology,Other research,10.1186/s12882-021-02476-x,Infrared Sauna,https://pubmed.ncbi.nlm.nih.gov/34419006/
34064933,Diet-Induced Obesity Impairs Outcomes and Induces Multi-Factorial Deficiencies in Effector T Cell Responses Following Anti-CTLA-4 Combinatorial Immunotherapy in Renal Tumor-Bearing Mice.,2021,Cancers,Other research,10.3390/cancers13102295,Contrast Therapy,https://pubmed.ncbi.nlm.nih.gov/34064933/
33988708,Flotation Restricted Environmental Stimulation Therapy for Chronic Pain: A Randomized Clinical Trial.,2021,JAMA network open,Randomized controlled trial,10.1001/jamanetworkopen.2021.9627,Floatation Therapy,https://pubmed.ncbi.nlm.nih.gov/33988708/
33918516,The Effect of Far-Infrared Therapy on the Peritoneal Expression of Glucose Degradation Products in Diabetic Patients on Peritoneal Dialysis.,2021,International journal of molecular sciences,Controlled / clinical trial,10.3390/ijms22073732,Infrared Sauna,https://pubmed.ncbi.nlm.nih.gov/33918516/
33835628,Taking the body off the mind: Decreased functional connectivity between somatomotor and default-mode networks following Floatation-REST.,2021,Human brain mapping,Other research,10.1002/hbm.25429,Floatation Therapy,https://pubmed.ncbi.nlm.nih.gov/33835628/
33819214,A comparison of low dose ultrasound and far-infrared therapies in patients with mechanical neck pain.,2021,JPMA. The Journal of the Pakistan Medical Association,Other research,10.47391/JPMA.190,Infrared Sauna,https://pubmed.ncbi.nlm.nih.gov/33819214/
33735918,Post-exercise Heart Rate Variability: Whole-body Cryotherapy vs. Contrast Water Therapy.,2021,International journal of sports medicine,Other research,10.1055/a-1312-6914,Contrast Therapy,https://pubmed.ncbi.nlm.nih.gov/33735918/
33668865,Far-Infrared Emission Properties and Thermogravimetric Analysis of Ceramic-Embedded Polyurethane Films.,2021,Polymers,Other research,10.3390/polym13050686,Infrared Sauna,https://pubmed.ncbi.nlm.nih.gov/33668865/
33645499,Hot-water bathing before bedtime and shorter sleep onset latency are accompanied by a higher distal-proximal skin temperature gradient in older adults.,2021,Journal of clinical sleep medicine : JCSM : official publication of the American Academy of Sleep Medicine,Other research,10.5664/jcsm.9180,Sleep & Passive Heating,https://pubmed.ncbi.nlm.nih.gov/33645499/
33513711,The Cardiometabolic Health Benefits of Sauna Exposure in Individuals with High-Stress Occupations. A Mechanistic Review.,2021,International journal of environmental research and public health,Other research,10.3390/ijerph18031105,Sleep & Passive Heating,https://pubmed.ncbi.nlm.nih.gov/33513711/
32386069,Contrast therapy: Tissue heating and cooling properties within the equine distal limb.,2021,Equine veterinary journal,Other research,10.1111/evj.13278,Contrast Therapy,https://pubmed.ncbi.nlm.nih.gov/32386069/
32363754,Exposure to total 36-hr sleep deprivation reduces physiological and psychological thermal strain to whole-body uncompensable passive heat stress in young adult men.,2021,Journal of sleep research,Other research,10.1111/jsr.13055,Sleep & Passive Heating,https://pubmed.ncbi.nlm.nih.gov/32363754/
33707817,The Role of Far Infrared Therapy in the Unassisted Maturation of Arterio-venous Fistula in Patients with Chronic Kidney Disease.,2020,Indian journal of nephrology,Other research,10.4103/ijn.IJN_122_19,Infrared Sauna,https://pubmed.ncbi.nlm.nih.gov/33707817/
33135537,Acute effects of contrast bath on sympathetic skin response in patients with poststroke complex regional pain syndrome.,2020,Somatosensory & motor research,Controlled / clinical trial,10.1080/08990220.2020.1830756,Contrast Therapy,https://pubmed.ncbi.nlm.nih.gov/33135537/
33123048,Reduced Environmental Stimulation in Anorexia Nervosa: An Early-Phase Clinical Trial.,2020,Frontiers in psychology,Other research,10.3389/fpsyg.2020.567499,Floatation Therapy,https://pubmed.ncbi.nlm.nih.gov/33123048/
33032163,"Recovery using ""float"" from high intensity stress on growth hormone-like molecules in resistance trained men.",2020,Growth hormone & IGF research : official journal of the Growth Hormone Research Society and the International IGF Research Society,Other research,10.1016/j.ghir.2020.101355,Floatation Therapy,https://pubmed.ncbi.nlm.nih.gov/33032163/
32880050,Water immersion methods do not alter muscle damage and inflammation biomarkers after high-intensity sprinting and jumping exercise.,2020,European journal of applied physiology,Other research,10.1007/s00421-020-04481-8,Contrast Therapy,https://pubmed.ncbi.nlm.nih.gov/32880050/
32776407,Effectiveness of a far-infrared low-temperature sauna program on geriatric syndrome and frailty in community-dwelling older people.,2020,Geriatrics & gerontology international,Other research,10.1111/ggi.14003,Infrared Sauna,https://pubmed.ncbi.nlm.nih.gov/32776407/
32745076,"Effects of Contrast Therapy Using Infrared and Cryotherapy as Compared with Contrast Bath Therapy on Blood Flow, Muscle Tone, and Pain Threshold in Young Healthy Adults.",2020,Medical science monitor : international medical journal of experimental and clinical research,Other research,10.12659/MSM.922544,Contrast Therapy,https://pubmed.ncbi.nlm.nih.gov/32745076/
32742639,Turning up the heat on COVID-19: heat as a therapeutic intervention.,2020,F1000Research,Other research,10.12688/f1000research.23299.2,Sleep & Passive Heating,https://pubmed.ncbi.nlm.nih.gov/32742639/
32686476,"Retraction Notice: Shanshan Shui, Xia Wang, John Y Chiang and Lei Zheng. Far-infrared therapy for cardiovascular, autoimmune, and other chronic health problems.",2020,"Experimental biology and medicine (Maywood, N.J.)",Other research,10.1177/1535370220940656,Infrared Sauna,https://pubmed.ncbi.nlm.nih.gov/32686476/
32662927,meso- and β-Pyrrole-Linked Chlorin-Bacteriochlorin Dyads for Promoting Far-Red FRET and Singlet Oxygen Production.,2020,"Chemistry (Weinheim an der Bergstrasse, Germany)",Other research,10.1002/chem.202003042,Infrared Sauna,https://pubmed.ncbi.nlm.nih.gov/32662927/
32566247,The pericyte connectome: spatial precision of neurovascular coupling is driven by selective connectivity maps of pericytes and endothelial cells and is disrupted in diabetes.,2020,Cell discovery,Other research,10.1038/s41421-020-0180-0,Contrast Therapy,https://pubmed.ncbi.nlm.nih.gov/32566247/
32367734,Effects of Far-Infrared Therapy on Foot Circulation Among Hemodialysis Patients With Diabetes Mellitus.,2020,Biological research for nursing,Other research,10.1177/1099800420923730,Infrared Sauna,https://pubmed.ncbi.nlm.nih.gov/32367734/
32338211,"Far Infrared Technology (FIT) Therapy Patches, Protects from Inflammation, Oxidative Stress and Promotes Cellular Vitality.",2020,Current pharmaceutical design,Other research,10.2174/1381612826666200427112023,Infrared Sauna,https://pubmed.ncbi.nlm.nih.gov/32338211/
32322002,miR-548aq-3p is a novel target of Far infrared radiation which predicts coronary artery disease endothelial colony forming cell responsiveness.,2020,Scientific reports,Other research,10.1038/s41598-020-63311-1,Infrared Sauna,https://pubmed.ncbi.nlm.nih.gov/32322002/
32160058,Cryotherapy Models and Timing-Sequence Recovery of Exercise-Induced Muscle Damage in Middle- and Long-Distance Runners.,2020,Journal of athletic training,Other research,10.4085/1062-6050-529-18,Contrast Therapy,https://pubmed.ncbi.nlm.nih.gov/32160058/
32046537,Cardiovascular reactions for whole-body thermal therapy with a hot pack and Waon therapy.,2020,"International journal of hyperthermia : the official journal of European Society for Hyperthermic Oncology, North American Hyperthermia Group",Randomized controlled trial,10.1080/02656736.2020.1723719,Infrared Sauna,https://pubmed.ncbi.nlm.nih.gov/32046537/
31977921,Evaluation of Interventions to Reduce Firefighter Exposures.,2020,Journal of occupational and environmental medicine,Other research,10.1097/JOM.0000000000001815,Infrared Sauna,https://pubmed.ncbi.nlm.nih.gov/31977921/
31831179,Mid infrared light treatment attenuates cognitive decline and alters the gut microbiota community in APP/PS1 mouse model.,2020,Biochemical and biophysical research communications,Other research,10.1016/j.bbrc.2019.12.015,Infrared Sauna,https://pubmed.ncbi.nlm.nih.gov/31831179/
31945904,An Eye-tracking based Evaluation on the Effect of Far-infrared Therapy for Relieving Visual Fatigue.,2019,Annual International Conference of the IEEE Engineering in Medicine and Biology Society. IEEE Engineering in Medicine and Biology Society. Annual International Conference,Other research,10.1109/EMBC.2019.8856492,Infrared Sauna,https://pubmed.ncbi.nlm.nih.gov/31945904/
31781259,Far-Infrared-Emitting Sericite Board Upregulates Endothelial Nitric Oxide Synthase Activity through Increasing Biosynthesis of Tetrahydrobiopterin in Endothelial Cells.,2019,Evidence-based complementary and alternative medicine : eCAM,Other research,10.1155/2019/1813282,Infrared Sauna,https://pubmed.ncbi.nlm.nih.gov/31781259/
31667436,Contrast bath-induced neurite outgrowth in PC12m3 cells via the p38 mitogen-activated protein kinase pathway.,2019,Heliyon,Other research,10.1016/j.heliyon.2019.e02656,Contrast Therapy,https://pubmed.ncbi.nlm.nih.gov/31667436/
31279082,The application of the maximal opposition therapy approach to an Arabic-speaking child.,2019,Journal of communication disorders,Other research,10.1016/j.jcomdis.2019.105913,Contrast Therapy,https://pubmed.ncbi.nlm.nih.gov/31279082/
31254534,Activation of glycine receptors in the lateral habenula rescues anxiety- and depression-like behaviors associated with alcohol withdrawal and reduces alcohol intake in rats.,2019,Neuropharmacology,Other research,10.1016/j.neuropharm.2019.107688,Contrast Therapy,https://pubmed.ncbi.nlm.nih.gov/31254534/
31242139,Effects of Various Recovery Strategies on Repeated Bouts of Simulated Intermittent Activity.,2019,Journal of strength and conditioning research,Other research,10.1519/JSC.0000000000002396,Contrast Therapy,https://pubmed.ncbi.nlm.nih.gov/31242139/
31210575,"The Rationale for Photobiomodulation Therapy of Vaginal Tissue for Treatment of Genitourinary Syndrome of Menopause: An Analysis of Its Mechanism of Action, and Current Clinical Outcomes.",2019,"Photobiomodulation, photomedicine, and laser surgery",Other research,10.1089/photob.2019.4618,Infrared Sauna,https://pubmed.ncbi.nlm.nih.gov/31210575/
31164107,Effect of intensive inpatient physical therapy on whole-body indefinite symptoms in patients with whiplash-associated disorders.,2019,BMC musculoskeletal disorders,Observational research,10.1186/s12891-019-2621-1,Infrared Sauna,https://pubmed.ncbi.nlm.nih.gov/31164107/
31126560,A hot topic for health: Results of the Global Sauna Survey.,2019,Complementary therapies in medicine,Other research,10.1016/j.ctim.2019.03.012,Sleep & Passive Heating,https://pubmed.ncbi.nlm.nih.gov/31126560/
31008862,Effects of Water Immersion Methods on Postexercise Recovery of Physical and Mental Performance.,2019,Journal of strength and conditioning research,Observational research,10.1519/JSC.0000000000003134,Contrast Therapy,https://pubmed.ncbi.nlm.nih.gov/31008862/
30740989,Circulating Microparticles in Children With Sickle Cell Anemia in a Tertiary Center in Upper Egypt.,2019,Clinical and applied thrombosis/hemostasis : official journal of the International Academy of Clinical and Applied Thrombosis/Hemostasis,Other research,10.1177/1076029619828839,Contrast Therapy,https://pubmed.ncbi.nlm.nih.gov/30740989/
30229411,Far-infrared therapy improves ankle brachial index in hemodialysis patients with peripheral artery disease.,2019,Heart and vessels,Other research,10.1007/s00380-018-1259-5,Infrared Sauna,https://pubmed.ncbi.nlm.nih.gov/30229411/
30173931,Far-infrared ray radiation promotes neurite outgrowth of neuron-like PC12 cells through AKT1 signaling.,2019,Journal of the Formosan Medical Association = Taiwan yi zhi,Other research,10.1016/j.jfma.2018.08.015,Infrared Sauna,https://pubmed.ncbi.nlm.nih.gov/30173931/
30120835,"The ""Enseki"" sandbath: A novel, safe and effective far-infrared bathing procedure for health.",2019,"Photodermatology, photoimmunology & photomedicine",Other research,10.1111/phpp.12418,Infrared Sauna,https://pubmed.ncbi.nlm.nih.gov/30120835/
29725949,Far-infrared Radiation Improves Motor Dysfunction and Neuropathology in Spinocerebellar Ataxia Type 3 Mice.,2019,"Cerebellum (London, England)",Other research,10.1007/s12311-018-0936-3,Infrared Sauna,https://pubmed.ncbi.nlm.nih.gov/29725949/
29484523,Muscarinic Receptor-Dependent Long Term Depression in the Perirhinal Cortex and Recognition Memory are Impaired in the rTg4510 Mouse Model of Tauopathy.,2019,Neurochemical research,Other research,10.1007/s11064-018-2487-x,Contrast Therapy,https://pubmed.ncbi.nlm.nih.gov/29484523/
29228823,Current practice in the rehabilitation of complex regional pain syndrome: a survey of practitioners.,2019,Disability and rehabilitation,Other research,10.1080/09638288.2017.1407968,Contrast Therapy,https://pubmed.ncbi.nlm.nih.gov/29228823/
30239008,Effects of sauna bath on heart failure: A systematic review and meta-analysis.,2018,Clinical cardiology,Systematic review / meta-analysis,10.1002/clc.23077,Infrared Sauna,https://pubmed.ncbi.nlm.nih.gov/30239008/
30210795,The effect of far infrared radiation therapy on inflammation regulation in lipopolysaccharide-induced peritonitis in mice.,2018,SAGE open medicine,Other research,10.1177/2050312118798941,Infrared Sauna,https://pubmed.ncbi.nlm.nih.gov/30210795/
30139655,Far infrared-emitting ceramics decrease Freund's adjuvant-induced inflammatory hyperalgesia in mice through cytokine modulation and activation of peripheral inhibitory neuroreceptors.,2018,Journal of integrative medicine,Other research,10.1016/j.joim.2018.08.002,Infrared Sauna,https://pubmed.ncbi.nlm.nih.gov/30139655/
29755363,"An Evidence-Based Approach for Choosing Post-exercise Recovery Techniques to Reduce Markers of Muscle Damage, Soreness, Fatigue, and Inflammation: A Systematic Review With Meta-Analysis.",2018,Frontiers in physiology,Other research,10.3389/fphys.2018.00403,Contrast Therapy,https://pubmed.ncbi.nlm.nih.gov/29755363/
29656950,The Elicitation of Relaxation and Interoceptive Awareness Using Floatation Therapy in Individuals With High Anxiety Sensitivity.,2018,Biological psychiatry. Cognitive neuroscience and neuroimaging,Other research,10.1016/j.bpsc.2018.02.005,Floatation Therapy,https://pubmed.ncbi.nlm.nih.gov/29656950/
29629297,"Influences of Pinpoint Plantar Long-Wavelength Infrared Light Irradiation (Stress-Free Therapy) on Chorioretinal Hemodynamics, Atherosclerosis Factors, and Vascular Endothelial Growth Factor.",2018,Integrative medicine research,Other research,10.1016/j.imr.2017.12.002,Infrared Sauna,https://pubmed.ncbi.nlm.nih.gov/29629297/
29400955,Localized Surface Plasmon Resonance in Semiconductor Nanocrystals.,2018,Chemical reviews,Other research,10.1021/acs.chemrev.7b00613,Infrared Sauna,https://pubmed.ncbi.nlm.nih.gov/29400955/
29394251,Examining the short-term anxiolytic and antidepressant effect of Floatation-REST.,2018,PloS one,Other research,10.1371/journal.pone.0190292,Floatation Therapy,https://pubmed.ncbi.nlm.nih.gov/29394251/
29130617,Dendritic cell phenotype in severe asthma reflects clinical responsiveness to glucocorticoids.,2018,Clinical and experimental allergy : journal of the British Society for Allergy and Clinical Immunology,Other research,10.1111/cea.13061,Contrast Therapy,https://pubmed.ncbi.nlm.nih.gov/29130617/
29299318,Influence of recovery strategies upon performance and perceptions following fatiguing exercise: a randomized controlled trial.,2017,"BMC sports science, medicine & rehabilitation",Other research,10.1186/s13102-017-0087-8,Contrast Therapy,https://pubmed.ncbi.nlm.nih.gov/29299318/
29187246,Comparison of Bispectral Index™ values during the flotation restricted environmental stimulation technique and results for stage I sleep: a prospective pilot investigation.,2017,BMC research notes,Observational research,10.1186/s13104-017-2947-4,Floatation Therapy,https://pubmed.ncbi.nlm.nih.gov/29187246/
29069271,Intensive treatment of speech disorders in robin sequence: a case report.,2017,CoDAS,Other research,10.1590/2317-1782/20172016084,Contrast Therapy,https://pubmed.ncbi.nlm.nih.gov/29069271/
29057951,"Preconditioning with far-infrared irradiation enhances proliferation, cell survival, and migration of rat bone marrow-derived stem cells via CXCR4-ERK pathways.",2017,Scientific reports,Other research,10.1038/s41598-017-14219-w,Infrared Sauna,https://pubmed.ncbi.nlm.nih.gov/29057951/
28987039,Reduction in Pain After Use of Bioceramic Undershirt for Patients With Fibromyalgia.,2017,Alternative therapies in health and medicine,Randomized controlled trial,,Infrared Sauna,https://pubmed.ncbi.nlm.nih.gov/28987039/
28805538,Effects of far infrared therapy on arteriovenous fistulas in hemodialysis patients: a meta-analysis.,2017,Renal failure,Systematic review / meta-analysis,10.1080/0886022X.2017.1361835,Infrared Sauna,https://pubmed.ncbi.nlm.nih.gov/28805538/
28759424,Treatment of Thromboangiitis Obliterans Using Smoking Cessation and Far-infrared Therapy: A Case Study.,2017,Ostomy/wound management,Other research,,Infrared Sauna,https://pubmed.ncbi.nlm.nih.gov/28759424/
28535427,Far infrared ray (FIR) therapy: An effective and oncological safe treatment modality for breast cancer related lymphedema.,2017,"Journal of photochemistry and photobiology. B, Biology",Other research,10.1016/j.jphotobiol.2017.05.011,Infrared Sauna,https://pubmed.ncbi.nlm.nih.gov/28535427/
28434105,Far-infrared ray for treating chronic lower extremity lymphedema with dermatolymphangioadenitis: a postoperative complication of gynecological tumor resection.,2017,Archives of gynecology and obstetrics,Controlled / clinical trial,10.1007/s00404-017-4371-3,Infrared Sauna,https://pubmed.ncbi.nlm.nih.gov/28434105/
28301572,Far-infrared suppresses skin photoaging in ultraviolet B-exposed fibroblasts and hairless mice.,2017,PloS one,Other research,10.1371/journal.pone.0174042,Infrared Sauna,https://pubmed.ncbi.nlm.nih.gov/28301572/
28250934,Team sport athletes' perceptions and use of recovery strategies: a mixed-methods survey study.,2017,"BMC sports science, medicine & rehabilitation",Other research,10.1186/s13102-017-0071-3,Contrast Therapy,https://pubmed.ncbi.nlm.nih.gov/28250934/
28127644,Efficacy and safety of far infrared radiation in lymphedema treatment: clinical evaluation and laboratory analysis.,2017,Lasers in medical science,Randomized controlled trial,10.1007/s10103-016-2135-0,Infrared Sauna,https://pubmed.ncbi.nlm.nih.gov/28127644/
28095955,Preconditioning to Reduce Decompression Stress in Scuba Divers.,2017,Aerospace medicine and human performance,Other research,10.3357/AMHP.4642.2017,Infrared Sauna,https://pubmed.ncbi.nlm.nih.gov/28095955/
28071754,Far-infrared protects vascular endothelial cells from advanced glycation end products-induced injury via PLZF-mediated autophagy in diabetic mice.,2017,Scientific reports,Other research,10.1038/srep40442,Infrared Sauna,https://pubmed.ncbi.nlm.nih.gov/28071754/
27918654,Cold-Water Immersion and Contrast Water Therapy: No Improvement of Short-Term Recovery After Resistance Training.,2017,International journal of sports physiology and performance,Other research,10.1123/ijspp.2016-0127,Contrast Therapy,https://pubmed.ncbi.nlm.nih.gov/27918654/
27398915,Effects of Cold Water Immersion and Contrast Water Therapy for Recovery From Team Sport: A Systematic Review and Meta-analysis.,2017,Journal of strength and conditioning research,Systematic review / meta-analysis,10.1519/JSC.0000000000001559,Contrast Therapy,https://pubmed.ncbi.nlm.nih.gov/27398915/
27482350,Effect of interaction between acute administration of morphine and cannabinoid compounds on spontaneous excitatory and inhibitory postsynaptic currents of magnocellular neurons of supraoptic nucleus.,2016,Iranian journal of basic medical sciences,Other research,,Contrast Therapy,https://pubmed.ncbi.nlm.nih.gov/27482350/
27037468,"Corrigendum to ""Nonambulatory cows: Duration of recumbency and quality of nursing care affect outcome of flotation therapy"" (J. Dairy Sci. 99:2076-2085).",2016,Journal of dairy science,Other research,10.3168/jds.2016-99-4-3239,Floatation Therapy,https://pubmed.ncbi.nlm.nih.gov/27037468/
27036491,Contrast Therapy and Heat Therapy in Subacute Stage of Grade I and II Lateral Ankle Sprains.,2016,Foot & ankle specialist,Randomized controlled trial,10.1177/1938640016640885,Contrast Therapy,https://pubmed.ncbi.nlm.nih.gov/27036491/
27016217,Promising effects of treatment with flotation-REST (restricted environmental stimulation technique) as an intervention for generalized anxiety disorder (GAD): a randomized controlled pilot trial.,2016,BMC complementary and alternative medicine,Randomized controlled trial,10.1186/s12906-016-1089-x,Floatation Therapy,https://pubmed.ncbi.nlm.nih.gov/27016217/
26930485,Differential Modulation of GABAA Receptors Underlies Postsynaptic Depolarization- and Purinoceptor-Mediated Enhancement of Cerebellar Inhibitory Transmission: A Non-Stationary Fluctuation Analysis Study.,2016,PloS one,Other research,10.1371/journal.pone.0150636,Contrast Therapy,https://pubmed.ncbi.nlm.nih.gov/26930485/
26922847,"The effectiveness of transcutaneous electrical nerve stimulation in the management of patients with complex regional pain syndrome: A randomized, double-blinded, placebo-controlled prospective study.",2016,Journal of back and musculoskeletal rehabilitation,Randomized controlled trial,10.3233/BMR-160667,Contrast Therapy,https://pubmed.ncbi.nlm.nih.gov/26922847/
26805981,Nonambulatory cows: Duration of recumbency and quality of nursing care affect outcome of flotation therapy.,2016,Journal of dairy science,Other research,10.3168/jds.2015-10448,Floatation Therapy,https://pubmed.ncbi.nlm.nih.gov/26805981/
26066676,Therapy with Multipotent Mesenchymal Stromal Cells Protects Lungs from Radiation-Induced Injury and Reduces the Risk of Lung Metastasis.,2016,Antioxidants & redox signaling,Other research,10.1089/ars.2014.6183,Contrast Therapy,https://pubmed.ncbi.nlm.nih.gov/26066676/
26021464,Seizure precipitants in Dravet syndrome: What events and activities are specifically provocative compared with other epilepsies?,2015,Epilepsy & behavior : E&B,Observational research,10.1016/j.yebeh.2015.05.008,Sleep & Passive Heating,https://pubmed.ncbi.nlm.nih.gov/26021464/
25869511,Cyclooxygenase inhibition and rosuvastatin-induced vascular protection in the setting of ischemia-reperfusion: A human in vivo study.,2015,Vascular pharmacology,Other research,10.1016/j.vph.2015.03.010,Contrast Therapy,https://pubmed.ncbi.nlm.nih.gov/25869511/
25636135,Efficacy of regular sauna bathing for chronic tension-type headache: a randomized controlled study.,2015,"Journal of alternative and complementary medicine (New York, N.Y.)",Randomized controlled trial,10.1089/acm.2013.0466,Sleep & Passive Heating,https://pubmed.ncbi.nlm.nih.gov/25636135/
25303073,"Changes in femoral artery blood flow during thermoneutral, cold, and contrast-water therapy.",2015,The Journal of sports medicine and physical fitness,Other research,,Contrast Therapy,https://pubmed.ncbi.nlm.nih.gov/25303073/
25303065,Effects of three postexercice recovery treatments on femoral artery blood flow kinetics.,2015,The Journal of sports medicine and physical fitness,Other research,,Contrast Therapy,https://pubmed.ncbi.nlm.nih.gov/25303065/
25664079,Low dose high frequency ultrasound therapy for stellate ganglion blockade in complex regional pain syndrome type I: a randomised placebo controlled trial.,2014,International journal of clinical and experimental medicine,Other research,,Contrast Therapy,https://pubmed.ncbi.nlm.nih.gov/25664079/
25344737,Beneficial effects of treatment with sensory isolation in flotation-tank as a preventive health-care intervention - a randomized controlled pilot trial.,2014,BMC complementary and alternative medicine,Randomized controlled trial,10.1186/1472-6882-14-417,Floatation Therapy,https://pubmed.ncbi.nlm.nih.gov/25344737/
24799907,Therapy with interleukin-22 alleviates hepatic injury and hemostasis dysregulation in rat model of acute liver failure.,2014,Advances in hematology,Other research,10.1155/2014/705290,Contrast Therapy,https://pubmed.ncbi.nlm.nih.gov/24799907/
24531433,Influence of contrast shower and water immersion on recovery in elite netballers.,2014,Journal of strength and conditioning research,Randomized controlled trial,10.1519/JSC.0000000000000417,Contrast Therapy,https://pubmed.ncbi.nlm.nih.gov/24531433/
24097171,Cycling time to failure is better maintained by cold than contrast or thermoneutral lower-body water immersion in normothermia.,2013,European journal of applied physiology,Randomized controlled trial,10.1007/s00421-013-2737-1,Contrast Therapy,https://pubmed.ncbi.nlm.nih.gov/24097171/
23743793,Water immersion recovery for athletes: effect on exercise performance and practical recommendations.,2013,"Sports medicine (Auckland, N.Z.)",Other research,10.1007/s40279-013-0063-8,Contrast Therapy,https://pubmed.ncbi.nlm.nih.gov/23743793/
23626806,Contrast water therapy and exercise induced muscle damage: a systematic review and meta-analysis.,2013,PloS one,Systematic review / meta-analysis,10.1371/journal.pone.0062356,Contrast Therapy,https://pubmed.ncbi.nlm.nih.gov/23626806/
23525306,Passive body heating improves sleep patterns in female patients with fibromyalgia.,2013,"Clinics (Sao Paulo, Brazil)",Other research,10.6061/clinics/2013(02)oa03,Sleep & Passive Heating,https://pubmed.ncbi.nlm.nih.gov/23525306/
23478477,The acute effects of flotation restricted environmental stimulation technique on recovery from maximal eccentric exercise.,2013,Journal of strength and conditioning research,Randomized controlled trial,10.1519/JSC.0b013e31828f277e,Floatation Therapy,https://pubmed.ncbi.nlm.nih.gov/23478477/
23438222,Effect of recovery mode on postexercise vagal reactivation in elite synchronized swimmers.,2013,"Applied physiology, nutrition, and metabolism = Physiologie appliquee, nutrition et metabolisme",Other research,10.1139/apnm-2012-0155,Contrast Therapy,https://pubmed.ncbi.nlm.nih.gov/23438222/
23348336,New type of sauna-related burn: conductive contact burn.,2013,The Journal of craniofacial surgery,Other research,10.1097/SCS.0b013e31826d08fd,Sleep & Passive Heating,https://pubmed.ncbi.nlm.nih.gov/23348336/
23287837,Acute response to hydrotherapy after a simulated game of rugby.,2013,Journal of strength and conditioning research,Other research,10.1519/JSC.0b013e31828151b6,Contrast Therapy,https://pubmed.ncbi.nlm.nih.gov/23287837/
23238097,The relative efficacy of three recovery modalities after professional rugby league matches.,2013,Journal of strength and conditioning research,Other research,10.1519/JSC.0b013e31827f5253,Contrast Therapy,https://pubmed.ncbi.nlm.nih.gov/23238097/
23006673,Effects of electrostimulation therapy on recovery from acute team-sport activity.,2013,International journal of sports physiology and performance,Other research,10.1123/ijspp.8.3.293,Contrast Therapy,https://pubmed.ncbi.nlm.nih.gov/23006673/
22954483,Effectiveness of water immersion on postmatch recovery in elite professional footballers.,2013,International journal of sports physiology and performance,Other research,10.1123/ijspp.8.3.243,Contrast Therapy,https://pubmed.ncbi.nlm.nih.gov/22954483/
22796996,"Evaluation of hydrotherapy, using passive tests and power tests, for recovery across a cyclic week of competitive rugby union.",2013,Journal of strength and conditioning research,Randomized controlled trial,10.1519/JSC.0b013e318260ed9b,Contrast Therapy,https://pubmed.ncbi.nlm.nih.gov/22796996/
22726341,"Association between post-game recovery protocols, physical and perceived recovery, and performance in elite Australian Football League players.",2013,Journal of science and medicine in sport,Controlled / clinical trial,10.1016/j.jsams.2012.05.008,Contrast Therapy,https://pubmed.ncbi.nlm.nih.gov/22726341/
22833247,Prevalence of isolates with reduced glycopeptide susceptibility in orthopedic device-related infections due to methicillin-resistant Staphylococcus aureus.,2012,European journal of clinical microbiology & infectious diseases : official publication of the European Society of Clinical Microbiology,Other research,10.1007/s10096-012-1705-8,Contrast Therapy,https://pubmed.ncbi.nlm.nih.gov/22833247/
22692113,"Evaluation of passive recovery, cold water immersion, and contrast baths for recovery, as measured by game performances markers, between two simulated games of rugby union.",2012,Journal of strength and conditioning research,Other research,10.1519/JSC.0b013e31825c32b9,Contrast Therapy,https://pubmed.ncbi.nlm.nih.gov/22692113/
22645174,Effects of water immersion on posttraining recovery in Australian footballers.,2012,International journal of sports physiology and performance,Randomized controlled trial,10.1123/ijspp.7.4.357,Contrast Therapy,https://pubmed.ncbi.nlm.nih.gov/22645174/
22415455,"Recovery effects of hyperoxic gas inhalation or contrast water immersion on the postexercise cytokine response, perceptual recovery, and next day exercise performance.",2012,Journal of strength and conditioning research,Other research,10.1519/JSC.0b013e31822dcc5b,Contrast Therapy,https://pubmed.ncbi.nlm.nih.gov/22415455/
22173197,Effect of contrast water therapy duration on recovery of running performance.,2012,International journal of sports physiology and performance,Other research,10.1123/ijspp.7.2.130,Contrast Therapy,https://pubmed.ncbi.nlm.nih.gov/22173197/
21823994,Responses to superficial heating and cooling differ in men and women with knee osteoarthritis.,2012,Physiotherapy theory and practice,Randomized controlled trial,10.3109/09593985.2011.586097,Contrast Therapy,https://pubmed.ncbi.nlm.nih.gov/21823994/
22212263,Effects of cold-water immersion and contrast-water therapy after training in young soccer players.,2011,The Journal of sports medicine and physical fitness,Other research,,Contrast Therapy,https://pubmed.ncbi.nlm.nih.gov/22212263/
21132438,Short term effects of various water immersions on recovery from exhaustive intermittent exercise.,2011,European journal of applied physiology,Randomized controlled trial,10.1007/s00421-010-1754-6,Contrast Therapy,https://pubmed.ncbi.nlm.nih.gov/21132438/
20809231,Effect of contrast water therapy duration on recovery of cycling performance: a dose-response study.,2011,European journal of applied physiology,Other research,10.1007/s00421-010-1614-4,Contrast Therapy,https://pubmed.ncbi.nlm.nih.gov/20809231/
20711439,"Preferences for heat, cold, or contrast in patients with knee osteoarthritis affect treatment response.",2010,Clinical interventions in aging,Randomized controlled trial,10.2147/cia.s11431,Contrast Therapy,https://pubmed.ncbi.nlm.nih.gov/20711439/
19845814,Identification of hemodynamically unstable arrhythmias using subcutaneous photoplethysmography.,2010,Journal of cardiovascular electrophysiology,Other research,10.1111/j.1540-8167.2009.01635.x,Contrast Therapy,https://pubmed.ncbi.nlm.nih.gov/19845814/
19714269,Treating stress-related pain with the flotation restricted environmental stimulation technique: are there differences between women and men?,2009,Pain research & management,Controlled / clinical trial,10.1155/2009/298935,Floatation Therapy,https://pubmed.ncbi.nlm.nih.gov/19714269/
19675481,The effects of recovery interventions on consecutive days of intermittent sprint exercise.,2009,Journal of strength and conditioning research,Randomized controlled trial,10.1519/JSC.0b013e3181b3f81f,Contrast Therapy,https://pubmed.ncbi.nlm.nih.gov/19675481/
19540251,cAMP-dependent kinase does not modulate the Slack sodium-activated potassium channel.,2009,Neuropharmacology,Other research,10.1016/j.neuropharm.2009.06.006,Contrast Therapy,https://pubmed.ncbi.nlm.nih.gov/19540251/
19413554,Fatigue in multiple sclerosis patients.,2009,Journal of clinical nursing,Other research,10.1111/j.1365-2702.2008.02733.x,Sleep & Passive Heating,https://pubmed.ncbi.nlm.nih.gov/19413554/
19375278,A randomized controlled study of contrast baths on patients with carpal tunnel syndrome.,2009,Journal of hand therapy : official journal of the American Society of Hand Therapists,Randomized controlled trial,10.1016/j.jht.2009.02.001,Contrast Therapy,https://pubmed.ncbi.nlm.nih.gov/19375278/
19164584,Learning-related postburst afterhyperpolarization reduction in CA1 pyramidal neurons is mediated by protein kinase A.,2009,Proceedings of the National Academy of Sciences of the United States of America,Other research,10.1073/pnas.0807708106,Contrast Therapy,https://pubmed.ncbi.nlm.nih.gov/19164584/
19110039,Modulation of AMPA currents by D(1)-like but not D(2)-like receptors in spinal motoneurons.,2009,Neuroscience,Other research,10.1016/j.neuroscience.2008.11.040,Contrast Therapy,https://pubmed.ncbi.nlm.nih.gov/19110039/
18945584,A systematic review of the effectiveness of contrast baths.,2009,Journal of hand therapy : official journal of the American Society of Hand Therapists,Systematic review / meta-analysis,10.1016/j.jht.2008.08.001,Contrast Therapy,https://pubmed.ncbi.nlm.nih.gov/18945584/
19083715,Contrast therapy--a systematic review.,2008,Physical therapy in sport : official journal of the Association of Chartered Physiotherapists in Sports Medicine,Systematic review / meta-analysis,10.1016/j.ptsp.2008.06.001,Contrast Therapy,https://pubmed.ncbi.nlm.nih.gov/19083715/
19082429,[Involvement of protein kinase C in NMDAR-dependent long-term potentiation in rat amygdala.].,2008,Sheng li xue bao : [Acta physiologica Sinica],Other research,,Contrast Therapy,https://pubmed.ncbi.nlm.nih.gov/19082429/
18580411,The effects of contrast bathing and compression therapy on muscular performance.,2008,Medicine and science in sports and exercise,Randomized controlled trial,10.1249/MSS.0b013e31816b10d5,Contrast Therapy,https://pubmed.ncbi.nlm.nih.gov/18580411/
18354047,Chronic whiplash-associated disorders and their treatment using flotation-REST (restricted environmental stimulation technique).,2008,Qualitative health research,Other research,10.1177/1049732308315109,Floatation Therapy,https://pubmed.ncbi.nlm.nih.gov/18354047/
18283595,Children with phonological problems: a survey of clinical practice.,2008,International journal of language & communication disorders,Other research,10.1080/13682820701660259,Contrast Therapy,https://pubmed.ncbi.nlm.nih.gov/18283595/
18058595,Effect of hydrotherapy on recovery from fatigue.,2008,International journal of sports medicine,Controlled / clinical trial,10.1055/s-2007-989267,Contrast Therapy,https://pubmed.ncbi.nlm.nih.gov/18058595/
18049819,Transient activation of tumor-associated T-effector/memory cells promotes tumor eradication via NK-cell recruitment: minimal role for long-term T-cell immunity in cure of metastatic disease.,2008,"Cancer immunology, immunotherapy : CII",Other research,10.1007/s00262-007-0430-0,Contrast Therapy,https://pubmed.ncbi.nlm.nih.gov/18049819/
17978833,Effect of hydrotherapy on the signs and symptoms of delayed onset muscle soreness.,2008,European journal of applied physiology,Randomized controlled trial,10.1007/s00421-007-0605-6,Contrast Therapy,https://pubmed.ncbi.nlm.nih.gov/17978833/
17706676,"Sleep under extreme environments: effects of heat and cold exposure, altitude, hyperbaric pressure and microgravity in space.",2007,Journal of the neurological sciences,Other research,10.1016/j.jns.2007.06.040,Sleep & Passive Heating,https://pubmed.ncbi.nlm.nih.gov/17706676/
17687732,Effects of contrast baths on skin blood flow on the dorsal and plantar foot in people with type 2 diabetes and age-matched controls.,2007,Physiotherapy theory and practice,Other research,10.1080/09593980701209295,Contrast Therapy,https://pubmed.ncbi.nlm.nih.gov/17687732/
17685683,The effect of contrast water therapy on symptoms of delayed onset muscle soreness.,2007,Journal of strength and conditioning research,Randomized controlled trial,10.1519/R-19355.1,Contrast Therapy,https://pubmed.ncbi.nlm.nih.gov/17685683/
17616697,"Folate receptor-specific antitumor activity of EC131, a folate-maytansinoid conjugate.",2007,Cancer research,Other research,10.1158/0008-5472.CAN-06-3894,Contrast Therapy,https://pubmed.ncbi.nlm.nih.gov/17616697/
17498876,TBOA-sensitive uptake limits glutamate penetration into brain slices to a few micrometers.,2007,Neuroscience letters,Other research,10.1016/j.neulet.2007.04.035,Contrast Therapy,https://pubmed.ncbi.nlm.nih.gov/17498876/
16956991,Monoaminergic control of cauda-equina-evoked locomotion in the neonatal mouse spinal cord.,2006,Journal of neurophysiology,Other research,10.1152/jn.00606.2006,Contrast Therapy,https://pubmed.ncbi.nlm.nih.gov/16956991/
16505085,Effectiveness of post-match recovery strategies in rugby players.,2006,British journal of sports medicine,Randomized controlled trial,10.1136/bjsm.2005.022483,Contrast Therapy,https://pubmed.ncbi.nlm.nih.gov/16505085/
16406018,"Systemic mastocytosis (SM) associated with chronic eosinophilic leukemia (SM-CEL): detection of FIP1L1/PDGFRalpha, classification by WHO criteria, and response to therapy with imatinib.",2006,Leukemia research,Other research,10.1016/j.leukres.2005.11.014,Contrast Therapy,https://pubmed.ncbi.nlm.nih.gov/16406018/
16341307,Effects of flotation-restricted environmental stimulation technique on stress-related muscle pain: what makes the difference in therapy--attention-placebo or the relaxation response?,2005,Pain research & management,Other research,10.1155/2005/547467,Floatation Therapy,https://pubmed.ncbi.nlm.nih.gov/16341307/
16195201,Intervention for children with severe speech disorder: a comparison of two approaches.,2005,International journal of language & communication disorders,Observational research,10.1080/13682820500126049,Contrast Therapy,https://pubmed.ncbi.nlm.nih.gov/16195201/
16151033,Effects of clopidogrel and aspirin in combination versus aspirin alone on platelet activation and major receptor expression in patients after recent ischemic stroke: for the Plavix Use for Treatment of Stroke (PLUTO-Stroke) trial.,2005,Stroke,Randomized controlled trial,10.1161/01.STR.0000181081.09262.e1,Contrast Therapy,https://pubmed.ncbi.nlm.nih.gov/16151033/
16003672,"Changes in lower-leg blood flow during warm-, cold-, and contrast-water therapy.",2005,Archives of physical medicine and rehabilitation,Randomized controlled trial,10.1016/j.apmr.2004.11.046,Contrast Therapy,https://pubmed.ncbi.nlm.nih.gov/16003672/
15992574,The effects of repeated thermal therapy for two patients with chronic fatigue syndrome.,2005,Journal of psychosomatic research,Other research,10.1016/j.jpsychores.2004.11.005,Sleep & Passive Heating,https://pubmed.ncbi.nlm.nih.gov/15992574/
15736111,Isotopomer spectral analysis of intermediates of cholesterol synthesis in patients with cerebrotendinous xanthomatosis.,2005,Metabolism: clinical and experimental,Other research,10.1016/j.metabol.2004.09.013,Contrast Therapy,https://pubmed.ncbi.nlm.nih.gov/15736111/
16858479,The physiologic basis and clinical applications of cryotherapy and thermotherapy for the pain practitioner.,2004,Pain physician,Other research,,Contrast Therapy,https://pubmed.ncbi.nlm.nih.gov/16858479/
15525778,Target-dependent release of a presynaptic neuropeptide regulates the formation and maturation of specific synapses in Aplysia.,2004,The Journal of neuroscience : the official journal of the Society for Neuroscience,Other research,10.1523/JNEUROSCI.3329-04.2004,Contrast Therapy,https://pubmed.ncbi.nlm.nih.gov/15525778/
15498389,Effects of flotation therapy on relaxation and mental state.,2004,Chinese medical journal,Other research,,Floatation Therapy,https://pubmed.ncbi.nlm.nih.gov/15498389/
15496998,Does Cryotherapy Improve Outcomes With Soft Tissue Injury?,2004,Journal of athletic training,Other research,,Contrast Therapy,https://pubmed.ncbi.nlm.nih.gov/15496998/
14631582,[End-organ damage in inflammation and sepsis].,2003,Der Internist,Other research,10.1007/s00108-003-0956-y,Contrast Therapy,https://pubmed.ncbi.nlm.nih.gov/14631582/
14629777,Attitudes towards treatment among patients suffering from sleep disorders. A Latin American survey.,2003,BMC family practice,Other research,10.1186/1471-2296-4-17,Sleep & Passive Heating,https://pubmed.ncbi.nlm.nih.gov/14629777/
14564328,Effects of clopidogrel and aspirin combination versus aspirin alone on platelet aggregation and major receptor expression in patients with heart failure: the Plavix Use for Treatment Of Congestive Heart Failure (PLUTO-CHF) trial.,2003,American heart journal,Randomized controlled trial,10.1016/S0002-8703(03)00260-6,Contrast Therapy,https://pubmed.ncbi.nlm.nih.gov/14564328/
14534607,Oxidation of plasma low-density lipoproteins from coronary patients with various forms of hypercholesterolemia.,2003,Bulletin of experimental biology and medicine,Other research,10.1023/a:1026032728328,Contrast Therapy,https://pubmed.ncbi.nlm.nih.gov/14534607/
12456806,Activation of A-type gamma-aminobutyric acid receptors excites gonadotropin-releasing hormone neurons.,2002,"Molecular endocrinology (Baltimore, Md.)",Observational research,10.1210/me.2002-0163,Contrast Therapy,https://pubmed.ncbi.nlm.nih.gov/12456806/
12379298,Effects of passive body heating on body temperature and sleep regulation in the elderly: a systematic review.,2002,International journal of nursing studies,Systematic review / meta-analysis,10.1016/s0020-7489(02)00023-8,Sleep & Passive Heating,https://pubmed.ncbi.nlm.nih.gov/12379298/
12121287,Antiepileptic actions of neuropeptide Y in the mouse hippocampus require Y5 receptors.,2002,Epilepsia,Other research,10.1046/j.1528-1157.43.s.5.13.x,Contrast Therapy,https://pubmed.ncbi.nlm.nih.gov/12121287/
11830281,Selective excitation of GABAergic neurons in the substantia nigra of the rat by orexin/hypocretin in vitro.,2002,Regulatory peptides,Other research,10.1016/s0167-0115(01)00323-8,Contrast Therapy,https://pubmed.ncbi.nlm.nih.gov/11830281/
11854763,Effects of flotation-REST on muscle tension pain.,2001,Pain research & management,Controlled / clinical trial,10.1155/2001/768501,Floatation Therapy,https://pubmed.ncbi.nlm.nih.gov/11854763/
11706280,Effects of vitamin K on calcium and bone metabolism.,2001,Current opinion in clinical nutrition and metabolic care,Other research,10.1097/00075197-200111000-00003,Contrast Therapy,https://pubmed.ncbi.nlm.nih.gov/11706280/
11422031,Liver cytochrome P450 CYP1A2 is markedly inhibited by systemic but not by bath PUVA in dermatological patients.,2001,The British journal of dermatology,Other research,10.1046/j.1365-2133.2001.04233.x,Contrast Therapy,https://pubmed.ncbi.nlm.nih.gov/11422031/
10952660,Gabapentin inhibits excitatory synaptic transmission in the hyperalgesic spinal cord.,2000,British journal of pharmacology,Other research,10.1038/sj.bjp.0703530,Contrast Therapy,https://pubmed.ncbi.nlm.nih.gov/10952660/
10912251,A comparison of three therapy methods for children with different types of developmental phonological disorder.,2000,International journal of language & communication disorders,Observational research,10.1080/136828200247142,Contrast Therapy,https://pubmed.ncbi.nlm.nih.gov/10912251/
10841209,"More than a marker: interaction between the circadian regulation of temperature and sleep, age-related changes, and treatment possibilities.",2000,Chronobiology international,Other research,10.1081/cbi-100101050,Sleep & Passive Heating,https://pubmed.ncbi.nlm.nih.gov/10841209/
7567422,Enhancement of randomness by flotation rest (restricted environmental stimulation technique).,1995,Perceptual and motor skills,Controlled / clinical trial,10.2466/pms.1995.80.3.999,Floatation Therapy,https://pubmed.ncbi.nlm.nih.gov/7567422/
8003591,Neuroendocrine and psychological effects of restricted environmental stimulation technique in a flotation tank.,1994,Biological psychology,Other research,10.1016/0301-0511(94)90029-9,Floatation Therapy,https://pubmed.ncbi.nlm.nih.gov/8003591/
27922348,The use of water-filled gloves to prevent the formation of decubitis ulcers on heels.,1993,Journal of wound care,Other research,10.12968/jowc.1993.2.5.282,Floatation Therapy,https://pubmed.ncbi.nlm.nih.gov/27922348/
8321601,Restricted environmental stimulation technique improves human performance: rifle marksmanship.,1993,Perceptual and motor skills,Other research,10.2466/pms.1993.76.3.867,Floatation Therapy,https://pubmed.ncbi.nlm.nih.gov/8321601/
1731577,Lack of effect of external warming on sleep architecture in sleep apnea/hypopnea syndrome.,1992,The American review of respiratory disease,Other research,10.1164/ajrccm/145.1.137,Sleep & Passive Heating,https://pubmed.ncbi.nlm.nih.gov/1731577/
1617278,Erythema multiforme.,1992,British journal of nursing (Mark Allen Publishing),Other research,10.12968/bjon.1992.1.3.137,Floatation Therapy,https://pubmed.ncbi.nlm.nih.gov/1617278/
2131327,The use of restricted environmental stimulation therapy in treating addictive behaviors.,1991,The International journal of the addictions,Other research,10.3109/10826089109071031,Floatation Therapy,https://pubmed.ncbi.nlm.nih.gov/2131327/
1775081,Transdermal oestrogen replacement therapy in a Finnish population.,1991,Maturitas,Controlled / clinical trial,10.1016/0378-5122(91)90236-j,Sleep & Passive Heating,https://pubmed.ncbi.nlm.nih.gov/1775081/
10148943,Coverage and reimbursement for air flotation therapy.,1990,Continuing care,Other research,,Floatation Therapy,https://pubmed.ncbi.nlm.nih.gov/10148943/
2274619,The effect of afternoon body heating on body temperature and slow wave sleep.,1990,Psychophysiology,Other research,10.1111/j.1469-8986.1990.tb01976.x,Sleep & Passive Heating,https://pubmed.ncbi.nlm.nih.gov/2274619/
2631970,"The presence or absence of light during flotation restricted environmental stimulation: effects on plasma cortisol, blood pressure, and mood.",1989,Biofeedback and self-regulation,Other research,10.1007/BF00999120,Floatation Therapy,https://pubmed.ncbi.nlm.nih.gov/2631970/
3363395,Self-evaluations of factors promoting and disturbing sleep: an epidemiological survey in Finland.,1988,Social science & medicine (1982),Other research,10.1016/0277-9536(88)90313-9,Sleep & Passive Heating,https://pubmed.ncbi.nlm.nih.gov/3363395/
3565119,Flotation rest as a smoking intervention.,1987,Addictive behaviors,Controlled / clinical trial,10.1016/0306-4603(87)90014-1,Floatation Therapy,https://pubmed.ncbi.nlm.nih.gov/3565119/
3310529,Restricted environmental stimulation therapy of smoking: a parametric study.,1987,Addictive behaviors,Controlled / clinical trial,10.1016/0306-4603(87)90037-2,Floatation Therapy,https://pubmed.ncbi.nlm.nih.gov/3310529/
2578367,Night-time sleep EEG changes following body heating in a warm bath.,1985,Electroencephalography and clinical neurophysiology,Randomized controlled trial,10.1016/0013-4694(85)90022-7,Sleep & Passive Heating,https://pubmed.ncbi.nlm.nih.gov/2578367/
6399246,The effects of short term flotation REST on relaxation: a controlled study.,1984,"Health psychology : official journal of the Division of Health Psychology, American Psychological Association",Other research,10.1037//0278-6133.3.2.99,Floatation Therapy,https://pubmed.ncbi.nlm.nih.gov/6399246/
6844796,Exercise and sleep: body-heating effects.,1983,Sleep,Other research,10.1093/sleep/6.1.36,Sleep & Passive Heating,https://pubmed.ncbi.nlm.nih.gov/6844796/
5187947,Flotation therapy. Weightless ward.,1968,The American journal of nursing,Other research,,Floatation Therapy,https://pubmed.ncbi.nlm.nih.gov/5187947/
5187946,"Flotation therapy. A water pillow, too.",1968,The American journal of nursing,Other research,,Floatation Therapy,https://pubmed.ncbi.nlm.nih.gov/5187946/
5183547,Two burned patients n flotation therapy.,1968,The American journal of nursing,Other research,,Floatation Therapy,https://pubmed.ncbi.nlm.nih.gov/5183547/
